Starting server with Config HP="127.0.0.1:13508"|T="28800000"|R="false"|L="info"
time="2026-03-10T21:53:01+03:00" level=info msg="Creating root@localhost superuser"
time="2026-03-10T21:53:01+03:00" level=info msg="Server ready. Accepting connections."
time="2026-03-10T21:53:01+03:00" level=warning msg="secure_file_priv is set to \"\", which is insecure."
time="2026-03-10T21:53:01+03:00" level=warning msg="Any user with GRANT FILE privileges will be able to read any file which the sql-server process can read."
time="2026-03-10T21:53:01+03:00" level=warning msg="Please consider restarting the server with secure_file_priv set to a safe (or non-existent) directory."
time="2026-03-10T21:53:01+03:00" level=info msg=NewConnection DisableClientMultiStatements=false connectionID=1
time="2026-03-10T21:53:01+03:00" level=info msg=ConnectionClosed connectionID=1
time="2026-03-10T21:53:01+03:00" level=info msg=NewConnection DisableClientMultiStatements=false connectionID=2
time="2026-03-10T21:53:01+03:00" level=info msg=ConnectionClosed connectionID=2
time="2026-03-10T21:53:01+03:00" level=info msg=NewConnection DisableClientMultiStatements=false connectionID=3
time="2026-03-10T21:53:01+03:00" level=info msg=ConnectionClosed connectionID=3
time="2026-03-10T21:53:01+03:00" level=info msg=NewConnection DisableClientMultiStatements=false connectionID=4
time="2026-03-10T21:53:01+03:00" level=info msg=ConnectionClosed connectionID=4
time="2026-03-10T21:53:01+03:00" level=info msg=NewConnection DisableClientMultiStatements=false connectionID=5
time="2026-03-10T21:53:01+03:00" level=info msg=ConnectionClosed connectionID=5
time="2026-03-10T21:53:18+03:00" level=info msg=NewConnection DisableClientMultiStatements=false connectionID=6
time="2026-03-10T21:53:18+03:00" level=info msg=ConnectionClosed connectionID=6
time="2026-03-10T21:53:18+03:00" level=info msg=NewConnection DisableClientMultiStatements=false connectionID=7
time="2026-03-10T21:53:18+03:00" level=info msg=ConnectionClosed connectionID=7
time="2026-03-10T21:53:18+03:00" level=info msg=NewConnection DisableClientMultiStatements=false connectionID=8
time="2026-03-10T21:53:18+03:00" level=info msg=ConnectionClosed connectionID=8
time="2026-03-10T21:53:18+03:00" level=info msg=NewConnection DisableClientMultiStatements=false connectionID=9
time="2026-03-10T21:53:18+03:00" level=info msg=ConnectionClosed connectionID=9
time="2026-03-10T21:53:18+03:00" level=info msg=NewConnection DisableClientMultiStatements=false connectionID=10
time="2026-03-10T21:53:18+03:00" level=info msg=ConnectionClosed connectionID=10
time="2026-03-10T21:53:18+03:00" level=info msg=NewConnection DisableClientMultiStatements=false connectionID=11
time="2026-03-10T21:53:18+03:00" level=info msg=ConnectionClosed connectionID=11
time="2026-03-10T21:53:18+03:00" level=info msg=NewConnection DisableClientMultiStatements=false connectionID=12
time="2026-03-10T21:53:18+03:00" level=info msg=ConnectionClosed connectionID=12
time="2026-03-10T21:53:18+03:00" level=info msg=NewConnection DisableClientMultiStatements=false connectionID=13
time="2026-03-10T21:53:18+03:00" level=info msg=ConnectionClosed connectionID=13
time="2026-03-10T21:53:18+03:00" level=info msg=NewConnection DisableClientMultiStatements=false connectionID=14
time="2026-03-10T21:53:18+03:00" level=info msg=ConnectionClosed connectionID=14
time="2026-03-10T21:53:18+03:00" level=info msg=NewConnection DisableClientMultiStatements=false connectionID=15
time="2026-03-10T21:53:18+03:00" level=info msg=ConnectionClosed connectionID=15
time="2026-03-10T21:53:18+03:00" level=info msg=NewConnection DisableClientMultiStatements=false connectionID=16
time="2026-03-10T21:53:18+03:00" level=info msg=ConnectionClosed connectionID=16
time="2026-03-10T21:53:18+03:00" level=info msg=NewConnection DisableClientMultiStatements=false connectionID=17
time="2026-03-10T21:53:18+03:00" level=info msg=ConnectionClosed connectionID=17
time="2026-03-10T21:53:18+03:00" level=info msg=NewConnection DisableClientMultiStatements=false connectionID=18
time="2026-03-10T21:53:18+03:00" level=info msg=ConnectionClosed connectionID=18
time="2026-03-10T21:53:18+03:00" level=info msg=NewConnection DisableClientMultiStatements=false connectionID=19
time="2026-03-10T21:53:18+03:00" level=info msg=ConnectionClosed connectionID=19
time="2026-03-10T21:53:18+03:00" level=info msg=NewConnection DisableClientMultiStatements=false connectionID=20
time="2026-03-10T21:53:18+03:00" level=error msg="unable to process ComInitDB: database not found: beads" database=beads
time="2026-03-10T21:53:18+03:00" level=error msg="failed to set the database client 20 (127.0.0.1:50861): database not found: beads (errno 1049) (sqlstate HY000)"
time="2026-03-10T21:53:18+03:00" level=info msg=ConnectionClosed connectionID=20
time="2026-03-10T21:53:18+03:00" level=info msg=NewConnection DisableClientMultiStatements=false connectionID=21
time="2026-03-10T21:53:18+03:00" level=info msg=ConnectionClosed connectionID=21
time="2026-03-10T21:53:18+03:00" level=info msg=NewConnection DisableClientMultiStatements=false connectionID=22
time="2026-03-10T21:53:18+03:00" level=info msg=ConnectionClosed connectionID=22
time="2026-03-10T21:53:18+03:00" level=info msg=NewConnection DisableClientMultiStatements=false connectionID=23
time="2026-03-10T21:53:18+03:00" level=info msg=ConnectionClosed connectionID=23
time="2026-03-10T21:53:18+03:00" level=info msg=NewConnection DisableClientMultiStatements=false connectionID=24
time="2026-03-10T21:53:18+03:00" level=info msg=ConnectionClosed connectionID=24
time="2026-03-10T21:53:18+03:00" level=info msg=NewConnection DisableClientMultiStatements=false connectionID=25
time="2026-03-10T21:53:18+03:00" level=info msg=ConnectionClosed connectionID=25
time="2026-03-10T21:53:18+03:00" level=info msg=NewConnection DisableClientMultiStatements=false connectionID=26
time="2026-03-10T21:53:18+03:00" level=info msg=ConnectionClosed connectionID=26
time="2026-03-10T21:53:18+03:00" level=info msg=NewConnection DisableClientMultiStatements=false connectionID=27
time="2026-03-10T21:53:18+03:00" level=info msg=ConnectionClosed connectionID=27
time="2026-03-10T21:53:18+03:00" level=info msg=NewConnection DisableClientMultiStatements=false connectionID=28
time="2026-03-10T21:53:18+03:00" level=info msg=ConnectionClosed connectionID=28
time="2026-03-10T21:53:18+03:00" level=info msg=NewConnection DisableClientMultiStatements=false connectionID=29
time="2026-03-10T21:53:18+03:00" level=info msg=ConnectionClosed connectionID=29
time="2026-03-10T21:53:18+03:00" level=info msg=NewConnection DisableClientMultiStatements=false connectionID=30
time="2026-03-10T21:53:18+03:00" level=info msg=ConnectionClosed connectionID=30
time="2026-03-10T21:53:18+03:00" level=info msg=NewConnection DisableClientMultiStatements=false connectionID=31
time="2026-03-10T21:53:18+03:00" level=info msg=ConnectionClosed connectionID=31
time="2026-03-10T21:53:18+03:00" level=info msg=NewConnection DisableClientMultiStatements=false connectionID=32
time="2026-03-10T21:53:18+03:00" level=info msg=ConnectionClosed connectionID=32
time="2026-03-10T21:53:18+03:00" level=info msg=NewConnection DisableClientMultiStatements=false connectionID=33
time="2026-03-10T21:53:18+03:00" level=info msg=ConnectionClosed connectionID=33
time="2026-03-10T21:53:18+03:00" level=info msg=NewConnection DisableClientMultiStatements=false connectionID=34
time="2026-03-10T21:53:18+03:00" level=info msg=ConnectionClosed connectionID=34
time="2026-03-10T21:53:18+03:00" level=info msg=NewConnection DisableClientMultiStatements=false connectionID=35
time="2026-03-10T21:53:18+03:00" level=info msg=ConnectionClosed connectionID=35
time="2026-03-10T21:53:18+03:00" level=info msg=NewConnection DisableClientMultiStatements=false connectionID=36
time="2026-03-10T21:53:18+03:00" level=info msg=ConnectionClosed connectionID=36
time="2026-03-10T21:53:18+03:00" level=info msg=NewConnection DisableClientMultiStatements=false connectionID=37
time="2026-03-10T21:53:18+03:00" level=info msg=ConnectionClosed connectionID=37
time="2026-03-10T21:53:18+03:00" level=info msg=NewConnection DisableClientMultiStatements=false connectionID=38
time="2026-03-10T21:53:18+03:00" level=info msg=ConnectionClosed connectionID=38
time="2026-03-10T21:53:18+03:00" level=info msg=NewConnection DisableClientMultiStatements=false connectionID=39
time="2026-03-10T21:53:18+03:00" level=info msg=ConnectionClosed connectionID=39
time="2026-03-10T21:53:18+03:00" level=info msg=NewConnection DisableClientMultiStatements=false connectionID=40
time="2026-03-10T21:53:18+03:00" level=info msg=ConnectionClosed connectionID=40
time="2026-03-10T21:53:18+03:00" level=info msg=NewConnection DisableClientMultiStatements=false connectionID=41
time="2026-03-10T21:53:18+03:00" level=info msg=ConnectionClosed connectionID=41
time="2026-03-10T21:53:18+03:00" level=info msg=NewConnection DisableClientMultiStatements=false connectionID=42
time="2026-03-10T21:53:18+03:00" level=info msg=ConnectionClosed connectionID=42
time="2026-03-10T21:53:18+03:00" level=info msg=NewConnection DisableClientMultiStatements=false connectionID=43
time="2026-03-10T21:53:18+03:00" level=info msg=ConnectionClosed connectionID=43
time="2026-03-10T21:53:18+03:00" level=info msg=NewConnection DisableClientMultiStatements=false connectionID=44
time="2026-03-10T21:53:18+03:00" level=info msg=ConnectionClosed connectionID=44
time="2026-03-10T21:53:18+03:00" level=info msg=NewConnection DisableClientMultiStatements=false connectionID=45
time="2026-03-10T21:53:18+03:00" level=info msg=ConnectionClosed connectionID=45
time="2026-03-10T21:53:18+03:00" level=info msg=NewConnection DisableClientMultiStatements=false connectionID=46
time="2026-03-10T21:53:18+03:00" level=info msg=ConnectionClosed connectionID=46
time="2026-03-10T21:53:18+03:00" level=info msg=NewConnection DisableClientMultiStatements=false connectionID=47
time="2026-03-10T21:53:18+03:00" level=info msg=ConnectionClosed connectionID=47
time="2026-03-10T21:53:18+03:00" level=info msg=NewConnection DisableClientMultiStatements=false connectionID=48
time="2026-03-10T21:53:18+03:00" level=info msg=ConnectionClosed connectionID=48
time="2026-03-10T21:53:18+03:00" level=info msg=NewConnection DisableClientMultiStatements=false connectionID=49
time="2026-03-10T21:53:18+03:00" level=info msg=ConnectionClosed connectionID=49
time="2026-03-10T21:53:18+03:00" level=info msg=NewConnection DisableClientMultiStatements=false connectionID=50
time="2026-03-10T21:53:18+03:00" level=info msg=ConnectionClosed connectionID=50
time="2026-03-10T21:53:18+03:00" level=info msg=NewConnection DisableClientMultiStatements=false connectionID=51
time="2026-03-10T21:53:18+03:00" level=info msg=ConnectionClosed connectionID=51
time="2026-03-10T21:53:18+03:00" level=info msg=NewConnection DisableClientMultiStatements=false connectionID=52
time="2026-03-10T21:53:18+03:00" level=info msg=ConnectionClosed connectionID=52
time="2026-03-10T21:53:18+03:00" level=info msg=NewConnection DisableClientMultiStatements=false connectionID=53
time="2026-03-10T21:53:18+03:00" level=info msg=ConnectionClosed connectionID=53
time="2026-03-10T21:53:19+03:00" level=info msg=NewConnection DisableClientMultiStatements=false connectionID=54
time="2026-03-10T21:53:19+03:00" level=info msg=ConnectionClosed connectionID=54
time="2026-03-10T21:53:19+03:00" level=info msg=NewConnection DisableClientMultiStatements=false connectionID=55
time="2026-03-10T21:53:19+03:00" level=info msg=ConnectionClosed connectionID=55
time="2026-03-10T21:53:19+03:00" level=info msg=NewConnection DisableClientMultiStatements=false connectionID=56
time="2026-03-10T21:53:19+03:00" level=error msg="unable to process ComInitDB: database not found: beads" database=beads
time="2026-03-10T21:53:19+03:00" level=error msg="failed to set the database client 56 (127.0.0.1:50906): database not found: beads (errno 1049) (sqlstate HY000)"
time="2026-03-10T21:53:19+03:00" level=info msg=ConnectionClosed connectionID=56
time="2026-03-10T21:53:19+03:00" level=info msg=NewConnection DisableClientMultiStatements=false connectionID=57
time="2026-03-10T21:53:19+03:00" level=info msg=ConnectionClosed connectionID=57
time="2026-03-10T21:53:19+03:00" level=info msg=NewConnection DisableClientMultiStatements=false connectionID=58
time="2026-03-10T21:53:19+03:00" level=info msg=ConnectionClosed connectionID=58
time="2026-03-10T21:55:55+03:00" level=info msg=NewConnection DisableClientMultiStatements=false connectionID=59
time="2026-03-10T21:55:55+03:00" level=info msg=ConnectionClosed connectionID=59
time="2026-03-10T21:55:55+03:00" level=info msg=NewConnection DisableClientMultiStatements=false connectionID=60
time="2026-03-10T21:55:55+03:00" level=info msg=NewConnection DisableClientMultiStatements=false connectionID=61
time="2026-03-10T21:55:55+03:00" level=info msg=ConnectionClosed connectionID=60
time="2026-03-10T21:55:55+03:00" level=warning msg="error running query" connectTime="2026-03-10 21:55:55.62832 +0300 MSK m=+174.213717460" connectionDb=beads connectionID=61 error="table not found: config" queryTime="2026-03-10 21:55:55.630367 +0300 MSK m=+174.215764501"
time="2026-03-10T21:55:55+03:00" level=warning msg="error running query" connectTime="2026-03-10 21:55:55.62832 +0300 MSK m=+174.213717460" connectionDb=beads connectionID=61 error="Duplicate key name 'idx_issues_issue_type'" queryTime="2026-03-10 21:55:55.719857 +0300 MSK m=+174.305253501"
time="2026-03-10T21:55:55+03:00" level=warning msg="error running query" connectTime="2026-03-10 21:55:55.62832 +0300 MSK m=+174.213717460" connectionDb=beads connectionID=61 error="foreign key `fk_dep_depends_on` was not found on the table `dependencies`" queryTime="2026-03-10 21:55:55.720039 +0300 MSK m=+174.305435585"
time="2026-03-10T21:55:55+03:00" level=warning msg="error running query" connectTime="2026-03-10 21:55:55.62832 +0300 MSK m=+174.213717460" connectionDb=beads connectionID=61 error="nothing to commit" queryTime="2026-03-10 21:55:55.95419 +0300 MSK m=+174.539583501"
time="2026-03-10T21:55:55+03:00" level=info msg=ConnectionClosed connectionID=61
time="2026-03-10T21:55:57+03:00" level=info msg=NewConnection DisableClientMultiStatements=false connectionID=62
time="2026-03-10T21:55:57+03:00" level=info msg=ConnectionClosed connectionID=62
time="2026-03-10T21:55:57+03:00" level=info msg=NewConnection DisableClientMultiStatements=false connectionID=63
time="2026-03-10T21:55:57+03:00" level=info msg=NewConnection DisableClientMultiStatements=false connectionID=64
time="2026-03-10T21:55:57+03:00" level=info msg=ConnectionClosed connectionID=63
time="2026-03-10T21:55:57+03:00" level=info msg=ConnectionClosed connectionID=64
time="2026-03-10T21:56:12+03:00" level=info msg=NewConnection DisableClientMultiStatements=false connectionID=65
time="2026-03-10T21:56:12+03:00" level=info msg=ConnectionClosed connectionID=65
time="2026-03-10T21:56:12+03:00" level=info msg=NewConnection DisableClientMultiStatements=false connectionID=66
time="2026-03-10T21:56:12+03:00" level=info msg=NewConnection DisableClientMultiStatements=false connectionID=67
time="2026-03-10T21:56:12+03:00" level=info msg=ConnectionClosed connectionID=66
time="2026-03-10T21:56:12+03:00" level=info msg=ConnectionClosed connectionID=67
time="2026-03-10T21:57:35+03:00" level=info msg=NewConnection DisableClientMultiStatements=false connectionID=68
time="2026-03-10T21:57:35+03:00" level=info msg=ConnectionClosed connectionID=68
time="2026-03-10T21:57:35+03:00" level=info msg=NewConnection DisableClientMultiStatements=false connectionID=69
time="2026-03-10T21:57:35+03:00" level=info msg=NewConnection DisableClientMultiStatements=false connectionID=70
time="2026-03-10T21:57:35+03:00" level=info msg=ConnectionClosed connectionID=69
time="2026-03-10T21:57:35+03:00" level=warning msg="error running query" connectTime="2026-03-10 21:57:35.066815 +0300 MSK m=+273.651827835" connectionDb=beads connectionID=70 error="nothing to commit" queryTime="2026-03-10 21:57:35.074229 +0300 MSK m=+273.659241626"
time="2026-03-10T21:57:35+03:00" level=warning msg="error running query" connectTime="2026-03-10 21:57:35.066815 +0300 MSK m=+273.651827835" connectionDb=beads connectionID=70 error="nothing to commit" queryTime="2026-03-10 21:57:35.191436 +0300 MSK m=+273.776448460"
time="2026-03-10T21:57:35+03:00" level=info msg=ConnectionClosed connectionID=70
time="2026-03-10T21:57:35+03:00" level=info msg=NewConnection DisableClientMultiStatements=false connectionID=71
time="2026-03-10T21:57:35+03:00" level=info msg=ConnectionClosed connectionID=71
time="2026-03-10T21:57:35+03:00" level=info msg=NewConnection DisableClientMultiStatements=false connectionID=72
time="2026-03-10T21:57:35+03:00" level=info msg=NewConnection DisableClientMultiStatements=false connectionID=73
time="2026-03-10T21:57:35+03:00" level=info msg=ConnectionClosed connectionID=72
time="2026-03-10T21:57:35+03:00" level=info msg=ConnectionClosed connectionID=73
time="2026-03-10T21:58:26+03:00" level=info msg=NewConnection DisableClientMultiStatements=false connectionID=74
time="2026-03-10T21:58:26+03:00" level=info msg=ConnectionClosed connectionID=74
time="2026-03-10T21:58:26+03:00" level=info msg=NewConnection DisableClientMultiStatements=false connectionID=75
time="2026-03-10T21:58:26+03:00" level=info msg=NewConnection DisableClientMultiStatements=false connectionID=76
time="2026-03-10T21:58:26+03:00" level=info msg=ConnectionClosed connectionID=75
time="2026-03-10T21:58:26+03:00" level=warning msg="error running query" connectTime="2026-03-10 21:58:26.621299 +0300 MSK m=+325.206194085" connectionDb=beads connectionID=76 error="nothing to commit" queryTime="2026-03-10 21:58:26.628793 +0300 MSK m=+325.213688585"
time="2026-03-10T21:58:26+03:00" level=info msg=ConnectionClosed connectionID=76
time="2026-03-10T21:59:10+03:00" level=info msg=NewConnection DisableClientMultiStatements=false connectionID=77
time="2026-03-10T21:59:10+03:00" level=info msg=ConnectionClosed connectionID=77
time="2026-03-10T21:59:10+03:00" level=info msg=NewConnection DisableClientMultiStatements=false connectionID=78
time="2026-03-10T21:59:10+03:00" level=info msg=NewConnection DisableClientMultiStatements=false connectionID=79
time="2026-03-10T21:59:10+03:00" level=info msg=ConnectionClosed connectionID=78
time="2026-03-10T21:59:10+03:00" level=info msg=ConnectionClosed connectionID=79
time="2026-03-10T22:02:03+03:00" level=info msg=NewConnection DisableClientMultiStatements=false connectionID=80
time="2026-03-10T22:02:03+03:00" level=info msg=ConnectionClosed connectionID=80
time="2026-03-10T22:02:03+03:00" level=info msg=NewConnection DisableClientMultiStatements=false connectionID=81
time="2026-03-10T22:02:03+03:00" level=info msg=NewConnection DisableClientMultiStatements=false connectionID=82
time="2026-03-10T22:02:03+03:00" level=info msg=ConnectionClosed connectionID=81
time="2026-03-10T22:02:03+03:00" level=info msg=ConnectionClosed connectionID=82
time="2026-03-10T22:02:03+03:00" level=info msg=NewConnection DisableClientMultiStatements=false connectionID=83
time="2026-03-10T22:02:03+03:00" level=info msg=ConnectionClosed connectionID=83
time="2026-03-10T22:02:03+03:00" level=info msg=NewConnection DisableClientMultiStatements=false connectionID=84
time="2026-03-10T22:02:03+03:00" level=info msg=NewConnection DisableClientMultiStatements=false connectionID=85
time="2026-03-10T22:02:03+03:00" level=info msg=ConnectionClosed connectionID=84
time="2026-03-10T22:02:03+03:00" level=info msg=ConnectionClosed connectionID=85
time="2026-03-10T22:02:03+03:00" level=info msg=NewConnection DisableClientMultiStatements=false connectionID=86
time="2026-03-10T22:02:03+03:00" level=info msg=ConnectionClosed connectionID=86
time="2026-03-10T22:02:03+03:00" level=info msg=NewConnection DisableClientMultiStatements=false connectionID=87
time="2026-03-10T22:02:03+03:00" level=info msg=NewConnection DisableClientMultiStatements=false connectionID=88
time="2026-03-10T22:02:03+03:00" level=info msg=ConnectionClosed connectionID=87
time="2026-03-10T22:02:03+03:00" level=info msg=ConnectionClosed connectionID=88
time="2026-03-10T22:02:03+03:00" level=info msg=NewConnection DisableClientMultiStatements=false connectionID=89
time="2026-03-10T22:02:03+03:00" level=info msg=ConnectionClosed connectionID=89
time="2026-03-10T22:02:03+03:00" level=info msg=NewConnection DisableClientMultiStatements=false connectionID=90
time="2026-03-10T22:02:03+03:00" level=info msg=NewConnection DisableClientMultiStatements=false connectionID=91
time="2026-03-10T22:02:03+03:00" level=info msg=ConnectionClosed connectionID=90
time="2026-03-10T22:02:03+03:00" level=info msg=ConnectionClosed connectionID=91
time="2026-03-10T22:02:03+03:00" level=info msg=NewConnection DisableClientMultiStatements=false connectionID=92
time="2026-03-10T22:02:03+03:00" level=info msg=ConnectionClosed connectionID=92
time="2026-03-10T22:02:03+03:00" level=info msg=NewConnection DisableClientMultiStatements=false connectionID=93
time="2026-03-10T22:02:03+03:00" level=info msg=NewConnection DisableClientMultiStatements=false connectionID=94
time="2026-03-10T22:02:03+03:00" level=info msg=ConnectionClosed connectionID=93
time="2026-03-10T22:02:03+03:00" level=info msg=ConnectionClosed connectionID=94
time="2026-03-10T22:02:03+03:00" level=info msg=NewConnection DisableClientMultiStatements=false connectionID=95
time="2026-03-10T22:02:03+03:00" level=info msg=ConnectionClosed connectionID=95
time="2026-03-10T22:02:03+03:00" level=info msg=NewConnection DisableClientMultiStatements=false connectionID=96
time="2026-03-10T22:02:03+03:00" level=info msg=NewConnection DisableClientMultiStatements=false connectionID=97
time="2026-03-10T22:02:03+03:00" level=info msg=ConnectionClosed connectionID=96
time="2026-03-10T22:02:03+03:00" level=info msg=ConnectionClosed connectionID=97
time="2026-03-10T22:02:03+03:00" level=info msg=NewConnection DisableClientMultiStatements=false connectionID=98
time="2026-03-10T22:02:03+03:00" level=info msg=ConnectionClosed connectionID=98
time="2026-03-10T22:02:03+03:00" level=info msg=NewConnection DisableClientMultiStatements=false connectionID=99
time="2026-03-10T22:02:03+03:00" level=info msg=ConnectionClosed connectionID=99
time="2026-03-10T22:02:03+03:00" level=info msg=NewConnection DisableClientMultiStatements=false connectionID=100
time="2026-03-10T22:02:03+03:00" level=info msg=NewConnection DisableClientMultiStatements=false connectionID=101
time="2026-03-10T22:02:03+03:00" level=info msg=ConnectionClosed connectionID=100
time="2026-03-10T22:02:03+03:00" level=info msg=ConnectionClosed connectionID=101
time="2026-03-10T22:02:03+03:00" level=info msg=NewConnection DisableClientMultiStatements=false connectionID=102
time="2026-03-10T22:02:03+03:00" level=info msg=ConnectionClosed connectionID=102
time="2026-03-10T22:02:03+03:00" level=info msg=NewConnection DisableClientMultiStatements=false connectionID=103
time="2026-03-10T22:02:03+03:00" level=info msg=NewConnection DisableClientMultiStatements=false connectionID=104
time="2026-03-10T22:02:03+03:00" level=info msg=ConnectionClosed connectionID=103
time="2026-03-10T22:02:03+03:00" level=info msg=ConnectionClosed connectionID=104
time="2026-03-10T22:02:03+03:00" level=info msg=NewConnection DisableClientMultiStatements=false connectionID=105
time="2026-03-10T22:02:03+03:00" level=info msg=ConnectionClosed connectionID=105
time="2026-03-10T22:02:03+03:00" level=info msg=NewConnection DisableClientMultiStatements=false connectionID=106
time="2026-03-10T22:02:03+03:00" level=info msg=NewConnection DisableClientMultiStatements=false connectionID=107
time="2026-03-10T22:02:03+03:00" level=info msg=ConnectionClosed connectionID=106
time="2026-03-10T22:02:03+03:00" level=info msg=ConnectionClosed connectionID=107
time="2026-03-10T22:02:03+03:00" level=info msg=NewConnection DisableClientMultiStatements=false connectionID=108
time="2026-03-10T22:02:03+03:00" level=info msg=ConnectionClosed connectionID=108
time="2026-03-10T22:02:03+03:00" level=info msg=NewConnection DisableClientMultiStatements=false connectionID=109
time="2026-03-10T22:02:03+03:00" level=info msg=NewConnection DisableClientMultiStatements=false connectionID=110
time="2026-03-10T22:02:03+03:00" level=info msg=ConnectionClosed connectionID=109
time="2026-03-10T22:02:03+03:00" level=info msg=ConnectionClosed connectionID=110
time="2026-03-10T22:02:03+03:00" level=info msg=NewConnection DisableClientMultiStatements=false connectionID=111
time="2026-03-10T22:02:03+03:00" level=info msg=ConnectionClosed connectionID=111
time="2026-03-10T22:02:03+03:00" level=info msg=NewConnection DisableClientMultiStatements=false connectionID=112
time="2026-03-10T22:02:03+03:00" level=info msg=ConnectionClosed connectionID=112
time="2026-03-10T22:02:03+03:00" level=info msg=NewConnection DisableClientMultiStatements=false connectionID=113
time="2026-03-10T22:02:03+03:00" level=info msg=NewConnection DisableClientMultiStatements=false connectionID=114
time="2026-03-10T22:02:03+03:00" level=info msg=ConnectionClosed connectionID=113
time="2026-03-10T22:02:03+03:00" level=info msg=ConnectionClosed connectionID=114
time="2026-03-10T22:02:04+03:00" level=info msg=NewConnection DisableClientMultiStatements=false connectionID=115
time="2026-03-10T22:02:04+03:00" level=info msg=ConnectionClosed connectionID=115
time="2026-03-10T22:02:04+03:00" level=info msg=NewConnection DisableClientMultiStatements=false connectionID=116
time="2026-03-10T22:02:04+03:00" level=info msg=NewConnection DisableClientMultiStatements=false connectionID=117
time="2026-03-10T22:02:04+03:00" level=info msg=ConnectionClosed connectionID=116
time="2026-03-10T22:02:04+03:00" level=info msg=ConnectionClosed connectionID=117
time="2026-03-10T22:02:04+03:00" level=info msg=NewConnection DisableClientMultiStatements=false connectionID=118
time="2026-03-10T22:02:04+03:00" level=info msg=ConnectionClosed connectionID=118
time="2026-03-10T22:02:04+03:00" level=info msg=NewConnection DisableClientMultiStatements=false connectionID=119
time="2026-03-10T22:02:04+03:00" level=info msg=NewConnection DisableClientMultiStatements=false connectionID=120
time="2026-03-10T22:02:04+03:00" level=info msg=ConnectionClosed connectionID=119
time="2026-03-10T22:02:04+03:00" level=info msg=ConnectionClosed connectionID=120
time="2026-03-10T22:02:04+03:00" level=info msg=NewConnection DisableClientMultiStatements=false connectionID=121
time="2026-03-10T22:02:04+03:00" level=info msg=ConnectionClosed connectionID=121
time="2026-03-10T22:02:04+03:00" level=info msg=NewConnection DisableClientMultiStatements=false connectionID=122
time="2026-03-10T22:02:04+03:00" level=info msg=NewConnection DisableClientMultiStatements=false connectionID=123
time="2026-03-10T22:02:04+03:00" level=info msg=ConnectionClosed connectionID=122
time="2026-03-10T22:02:04+03:00" level=warning msg="error running query" connectTime="2026-03-10 22:02:04.038766 +0300 MSK m=+542.623143001" connectionDb=beads connectionID=123 error="nothing to commit" queryTime="2026-03-10 22:02:04.045325 +0300 MSK m=+542.629702751"
time="2026-03-10T22:02:04+03:00" level=info msg=ConnectionClosed connectionID=123
time="2026-03-10T22:02:04+03:00" level=info msg=NewConnection DisableClientMultiStatements=false connectionID=124
time="2026-03-10T22:02:04+03:00" level=info msg=ConnectionClosed connectionID=124
time="2026-03-10T22:02:04+03:00" level=info msg=NewConnection DisableClientMultiStatements=false connectionID=125
time="2026-03-10T22:02:04+03:00" level=info msg=NewConnection DisableClientMultiStatements=false connectionID=126
time="2026-03-10T22:02:04+03:00" level=info msg=ConnectionClosed connectionID=125
time="2026-03-10T22:02:04+03:00" level=info msg=ConnectionClosed connectionID=126
time="2026-03-10T22:02:04+03:00" level=info msg=NewConnection DisableClientMultiStatements=false connectionID=127
time="2026-03-10T22:02:04+03:00" level=info msg=ConnectionClosed connectionID=127
time="2026-03-10T22:02:04+03:00" level=info msg=NewConnection DisableClientMultiStatements=false connectionID=128
time="2026-03-10T22:02:04+03:00" level=info msg=NewConnection DisableClientMultiStatements=false connectionID=129
time="2026-03-10T22:02:04+03:00" level=info msg=ConnectionClosed connectionID=128
time="2026-03-10T22:02:04+03:00" level=info msg=ConnectionClosed connectionID=129
time="2026-03-10T22:02:04+03:00" level=info msg=NewConnection DisableClientMultiStatements=false connectionID=130
time="2026-03-10T22:02:04+03:00" level=info msg=ConnectionClosed connectionID=130
time="2026-03-10T22:02:04+03:00" level=info msg=NewConnection DisableClientMultiStatements=false connectionID=131
time="2026-03-10T22:02:04+03:00" level=info msg=NewConnection DisableClientMultiStatements=false connectionID=132
time="2026-03-10T22:02:04+03:00" level=info msg=ConnectionClosed connectionID=131
time="2026-03-10T22:02:04+03:00" level=info msg=ConnectionClosed connectionID=132
time="2026-03-10T22:02:04+03:00" level=info msg=NewConnection DisableClientMultiStatements=false connectionID=133
time="2026-03-10T22:02:04+03:00" level=info msg=ConnectionClosed connectionID=133
time="2026-03-10T22:02:04+03:00" level=info msg=NewConnection DisableClientMultiStatements=false connectionID=134
time="2026-03-10T22:02:04+03:00" level=info msg=NewConnection DisableClientMultiStatements=false connectionID=135
time="2026-03-10T22:02:04+03:00" level=info msg=ConnectionClosed connectionID=134
time="2026-03-10T22:02:04+03:00" level=info msg=ConnectionClosed connectionID=135
time="2026-03-10T22:02:04+03:00" level=info msg=NewConnection DisableClientMultiStatements=false connectionID=136
time="2026-03-10T22:02:04+03:00" level=info msg=ConnectionClosed connectionID=136
time="2026-03-10T22:02:04+03:00" level=info msg=NewConnection DisableClientMultiStatements=false connectionID=137
time="2026-03-10T22:02:04+03:00" level=info msg=NewConnection DisableClientMultiStatements=false connectionID=138
time="2026-03-10T22:02:04+03:00" level=info msg=ConnectionClosed connectionID=137
time="2026-03-10T22:02:04+03:00" level=info msg=ConnectionClosed connectionID=138
time="2026-03-10T22:02:04+03:00" level=info msg=NewConnection DisableClientMultiStatements=false connectionID=139
time="2026-03-10T22:02:04+03:00" level=info msg=ConnectionClosed connectionID=139
time="2026-03-10T22:02:04+03:00" level=info msg=NewConnection DisableClientMultiStatements=false connectionID=140
time="2026-03-10T22:02:04+03:00" level=info msg=NewConnection DisableClientMultiStatements=false connectionID=141
time="2026-03-10T22:02:04+03:00" level=info msg=ConnectionClosed connectionID=140
time="2026-03-10T22:02:04+03:00" level=info msg=ConnectionClosed connectionID=141
time="2026-03-10T22:02:04+03:00" level=info msg=NewConnection DisableClientMultiStatements=false connectionID=142
time="2026-03-10T22:02:04+03:00" level=info msg=ConnectionClosed connectionID=142
time="2026-03-10T22:02:04+03:00" level=info msg=NewConnection DisableClientMultiStatements=false connectionID=143
time="2026-03-10T22:02:04+03:00" level=info msg=NewConnection DisableClientMultiStatements=false connectionID=144
time="2026-03-10T22:02:04+03:00" level=info msg=ConnectionClosed connectionID=143
time="2026-03-10T22:02:04+03:00" level=info msg=ConnectionClosed connectionID=144
time="2026-03-10T22:02:04+03:00" level=info msg=NewConnection DisableClientMultiStatements=false connectionID=145
time="2026-03-10T22:02:04+03:00" level=info msg=ConnectionClosed connectionID=145
time="2026-03-10T22:02:04+03:00" level=info msg=NewConnection DisableClientMultiStatements=false connectionID=146
time="2026-03-10T22:02:04+03:00" level=info msg=NewConnection DisableClientMultiStatements=false connectionID=147
time="2026-03-10T22:02:04+03:00" level=info msg=ConnectionClosed connectionID=146
time="2026-03-10T22:02:04+03:00" level=info msg=ConnectionClosed connectionID=147
time="2026-03-10T22:02:04+03:00" level=info msg=NewConnection DisableClientMultiStatements=false connectionID=148
time="2026-03-10T22:02:04+03:00" level=info msg=ConnectionClosed connectionID=148
time="2026-03-10T22:02:04+03:00" level=info msg=NewConnection DisableClientMultiStatements=false connectionID=149
time="2026-03-10T22:02:04+03:00" level=info msg=NewConnection DisableClientMultiStatements=false connectionID=150
time="2026-03-10T22:02:04+03:00" level=info msg=ConnectionClosed connectionID=149
time="2026-03-10T22:02:04+03:00" level=warning msg="error running query" connectTime="2026-03-10 22:02:04.140303 +0300 MSK m=+542.724680585" connectionDb=beads connectionID=150 error="nothing to commit" queryTime="2026-03-10 22:02:04.148087 +0300 MSK m=+542.732464085"
time="2026-03-10T22:02:04+03:00" level=info msg=ConnectionClosed connectionID=150
time="2026-03-10T22:02:04+03:00" level=info msg=NewConnection DisableClientMultiStatements=false connectionID=151
time="2026-03-10T22:02:04+03:00" level=info msg=ConnectionClosed connectionID=151
time="2026-03-10T22:02:04+03:00" level=info msg=NewConnection DisableClientMultiStatements=false connectionID=152
time="2026-03-10T22:02:04+03:00" level=info msg=ConnectionClosed connectionID=152
time="2026-03-10T22:02:04+03:00" level=info msg=NewConnection DisableClientMultiStatements=false connectionID=153
time="2026-03-10T22:02:04+03:00" level=info msg=NewConnection DisableClientMultiStatements=false connectionID=154
time="2026-03-10T22:02:04+03:00" level=info msg=ConnectionClosed connectionID=153
time="2026-03-10T22:02:04+03:00" level=info msg=ConnectionClosed connectionID=154
time="2026-03-10T22:02:14+03:00" level=info msg=NewConnection DisableClientMultiStatements=false connectionID=155
time="2026-03-10T22:02:14+03:00" level=info msg=ConnectionClosed connectionID=155
time="2026-03-10T22:02:14+03:00" level=info msg=NewConnection DisableClientMultiStatements=false connectionID=156
time="2026-03-10T22:02:14+03:00" level=info msg=NewConnection DisableClientMultiStatements=false connectionID=157
time="2026-03-10T22:02:14+03:00" level=info msg=ConnectionClosed connectionID=156
time="2026-03-10T22:02:14+03:00" level=info msg=ConnectionClosed connectionID=157
time="2026-03-10T22:02:14+03:00" level=info msg=NewConnection DisableClientMultiStatements=false connectionID=158
time="2026-03-10T22:02:14+03:00" level=info msg=ConnectionClosed connectionID=158
time="2026-03-10T22:02:14+03:00" level=info msg=NewConnection DisableClientMultiStatements=false connectionID=159
time="2026-03-10T22:02:14+03:00" level=info msg=NewConnection DisableClientMultiStatements=false connectionID=160
time="2026-03-10T22:02:14+03:00" level=info msg=ConnectionClosed connectionID=159
time="2026-03-10T22:02:14+03:00" level=info msg=ConnectionClosed connectionID=160
time="2026-03-10T22:02:14+03:00" level=info msg=NewConnection DisableClientMultiStatements=false connectionID=161
time="2026-03-10T22:02:14+03:00" level=info msg=ConnectionClosed connectionID=161
time="2026-03-10T22:02:14+03:00" level=info msg=NewConnection DisableClientMultiStatements=false connectionID=162
time="2026-03-10T22:02:14+03:00" level=info msg=NewConnection DisableClientMultiStatements=false connectionID=163
time="2026-03-10T22:02:14+03:00" level=info msg=ConnectionClosed connectionID=162
time="2026-03-10T22:02:14+03:00" level=info msg=ConnectionClosed connectionID=163
time="2026-03-10T22:02:14+03:00" level=info msg=NewConnection DisableClientMultiStatements=false connectionID=164
time="2026-03-10T22:02:14+03:00" level=info msg=ConnectionClosed connectionID=164
time="2026-03-10T22:02:14+03:00" level=info msg=NewConnection DisableClientMultiStatements=false connectionID=165
time="2026-03-10T22:02:14+03:00" level=info msg=NewConnection DisableClientMultiStatements=false connectionID=166
time="2026-03-10T22:02:14+03:00" level=info msg=ConnectionClosed connectionID=165
time="2026-03-10T22:02:14+03:00" level=info msg=ConnectionClosed connectionID=166
time="2026-03-10T22:02:14+03:00" level=info msg=NewConnection DisableClientMultiStatements=false connectionID=167
time="2026-03-10T22:02:14+03:00" level=info msg=ConnectionClosed connectionID=167
time="2026-03-10T22:02:14+03:00" level=info msg=NewConnection DisableClientMultiStatements=false connectionID=168
time="2026-03-10T22:02:14+03:00" level=info msg=NewConnection DisableClientMultiStatements=false connectionID=169
time="2026-03-10T22:02:14+03:00" level=info msg=ConnectionClosed connectionID=168
time="2026-03-10T22:02:14+03:00" level=info msg=ConnectionClosed connectionID=169
time="2026-03-10T22:02:14+03:00" level=info msg=NewConnection DisableClientMultiStatements=false connectionID=170
time="2026-03-10T22:02:14+03:00" level=info msg=ConnectionClosed connectionID=170
time="2026-03-10T22:02:14+03:00" level=info msg=NewConnection DisableClientMultiStatements=false connectionID=171
time="2026-03-10T22:02:14+03:00" level=info msg=NewConnection DisableClientMultiStatements=false connectionID=172
time="2026-03-10T22:02:14+03:00" level=info msg=ConnectionClosed connectionID=171
time="2026-03-10T22:02:14+03:00" level=info msg=ConnectionClosed connectionID=172
time="2026-03-10T22:02:14+03:00" level=info msg=NewConnection DisableClientMultiStatements=false connectionID=173
time="2026-03-10T22:02:14+03:00" level=info msg=ConnectionClosed connectionID=173
time="2026-03-10T22:02:14+03:00" level=info msg=NewConnection DisableClientMultiStatements=false connectionID=174
time="2026-03-10T22:02:14+03:00" level=info msg=ConnectionClosed connectionID=174
time="2026-03-10T22:02:14+03:00" level=info msg=NewConnection DisableClientMultiStatements=false connectionID=175
time="2026-03-10T22:02:14+03:00" level=info msg=NewConnection DisableClientMultiStatements=false connectionID=176
time="2026-03-10T22:02:14+03:00" level=info msg=ConnectionClosed connectionID=175
time="2026-03-10T22:02:14+03:00" level=info msg=ConnectionClosed connectionID=176
time="2026-03-10T22:02:14+03:00" level=info msg=NewConnection DisableClientMultiStatements=false connectionID=177
time="2026-03-10T22:02:14+03:00" level=info msg=ConnectionClosed connectionID=177
time="2026-03-10T22:02:14+03:00" level=info msg=NewConnection DisableClientMultiStatements=false connectionID=178
time="2026-03-10T22:02:14+03:00" level=info msg=NewConnection DisableClientMultiStatements=false connectionID=179
time="2026-03-10T22:02:14+03:00" level=info msg=ConnectionClosed connectionID=178
time="2026-03-10T22:02:14+03:00" level=info msg=ConnectionClosed connectionID=179
time="2026-03-10T22:02:14+03:00" level=info msg=NewConnection DisableClientMultiStatements=false connectionID=180
time="2026-03-10T22:02:14+03:00" level=info msg=ConnectionClosed connectionID=180
time="2026-03-10T22:02:14+03:00" level=info msg=NewConnection DisableClientMultiStatements=false connectionID=181
time="2026-03-10T22:02:14+03:00" level=info msg=NewConnection DisableClientMultiStatements=false connectionID=182
time="2026-03-10T22:02:14+03:00" level=info msg=ConnectionClosed connectionID=181
time="2026-03-10T22:02:14+03:00" level=info msg=ConnectionClosed connectionID=182
time="2026-03-10T22:02:14+03:00" level=info msg=NewConnection DisableClientMultiStatements=false connectionID=183
time="2026-03-10T22:02:14+03:00" level=info msg=ConnectionClosed connectionID=183
time="2026-03-10T22:02:14+03:00" level=info msg=NewConnection DisableClientMultiStatements=false connectionID=184
time="2026-03-10T22:02:14+03:00" level=info msg=NewConnection DisableClientMultiStatements=false connectionID=185
time="2026-03-10T22:02:14+03:00" level=info msg=ConnectionClosed connectionID=184
time="2026-03-10T22:02:14+03:00" level=info msg=ConnectionClosed connectionID=185
time="2026-03-10T22:02:14+03:00" level=info msg=NewConnection DisableClientMultiStatements=false connectionID=186
time="2026-03-10T22:02:14+03:00" level=info msg=ConnectionClosed connectionID=186
time="2026-03-10T22:02:14+03:00" level=info msg=NewConnection DisableClientMultiStatements=false connectionID=187
time="2026-03-10T22:02:14+03:00" level=info msg=ConnectionClosed connectionID=187
time="2026-03-10T22:02:14+03:00" level=info msg=NewConnection DisableClientMultiStatements=false connectionID=188
time="2026-03-10T22:02:14+03:00" level=info msg=NewConnection DisableClientMultiStatements=false connectionID=189
time="2026-03-10T22:02:14+03:00" level=info msg=ConnectionClosed connectionID=188
time="2026-03-10T22:02:14+03:00" level=info msg=ConnectionClosed connectionID=189
time="2026-03-10T22:02:14+03:00" level=info msg=NewConnection DisableClientMultiStatements=false connectionID=190
time="2026-03-10T22:02:14+03:00" level=info msg=ConnectionClosed connectionID=190
time="2026-03-10T22:02:14+03:00" level=info msg=NewConnection DisableClientMultiStatements=false connectionID=191
time="2026-03-10T22:02:14+03:00" level=info msg=NewConnection DisableClientMultiStatements=false connectionID=192
time="2026-03-10T22:02:14+03:00" level=info msg=ConnectionClosed connectionID=191
time="2026-03-10T22:02:14+03:00" level=info msg=ConnectionClosed connectionID=192
time="2026-03-10T22:02:14+03:00" level=info msg=NewConnection DisableClientMultiStatements=false connectionID=193
time="2026-03-10T22:02:14+03:00" level=info msg=ConnectionClosed connectionID=193
time="2026-03-10T22:02:14+03:00" level=info msg=NewConnection DisableClientMultiStatements=false connectionID=194
time="2026-03-10T22:02:14+03:00" level=info msg=NewConnection DisableClientMultiStatements=false connectionID=195
time="2026-03-10T22:02:14+03:00" level=info msg=ConnectionClosed connectionID=194
time="2026-03-10T22:02:14+03:00" level=info msg=ConnectionClosed connectionID=195
time="2026-03-10T22:02:14+03:00" level=info msg=NewConnection DisableClientMultiStatements=false connectionID=196
time="2026-03-10T22:02:14+03:00" level=info msg=ConnectionClosed connectionID=196
time="2026-03-10T22:02:14+03:00" level=info msg=NewConnection DisableClientMultiStatements=false connectionID=197
time="2026-03-10T22:02:14+03:00" level=info msg=NewConnection DisableClientMultiStatements=false connectionID=198
time="2026-03-10T22:02:14+03:00" level=info msg=ConnectionClosed connectionID=197
time="2026-03-10T22:02:14+03:00" level=warning msg="error running query" connectTime="2026-03-10 22:02:14.457984 +0300 MSK m=+553.042337793" connectionDb=beads connectionID=198 error="nothing to commit" queryTime="2026-03-10 22:02:14.464339 +0300 MSK m=+553.048692251"
time="2026-03-10T22:02:14+03:00" level=info msg=ConnectionClosed connectionID=198
time="2026-03-10T22:02:14+03:00" level=info msg=NewConnection DisableClientMultiStatements=false connectionID=199
time="2026-03-10T22:02:14+03:00" level=info msg=ConnectionClosed connectionID=199
time="2026-03-10T22:02:14+03:00" level=info msg=NewConnection DisableClientMultiStatements=false connectionID=200
time="2026-03-10T22:02:14+03:00" level=info msg=NewConnection DisableClientMultiStatements=false connectionID=201
time="2026-03-10T22:02:14+03:00" level=info msg=ConnectionClosed connectionID=200
time="2026-03-10T22:02:14+03:00" level=info msg=ConnectionClosed connectionID=201
time="2026-03-10T22:02:14+03:00" level=info msg=NewConnection DisableClientMultiStatements=false connectionID=202
time="2026-03-10T22:02:14+03:00" level=info msg=ConnectionClosed connectionID=202
time="2026-03-10T22:02:14+03:00" level=info msg=NewConnection DisableClientMultiStatements=false connectionID=203
time="2026-03-10T22:02:14+03:00" level=info msg=NewConnection DisableClientMultiStatements=false connectionID=204
time="2026-03-10T22:02:14+03:00" level=info msg=ConnectionClosed connectionID=203
time="2026-03-10T22:02:14+03:00" level=info msg=ConnectionClosed connectionID=204
time="2026-03-10T22:02:14+03:00" level=info msg=NewConnection DisableClientMultiStatements=false connectionID=205
time="2026-03-10T22:02:14+03:00" level=info msg=ConnectionClosed connectionID=205
time="2026-03-10T22:02:14+03:00" level=info msg=NewConnection DisableClientMultiStatements=false connectionID=206
time="2026-03-10T22:02:14+03:00" level=info msg=NewConnection DisableClientMultiStatements=false connectionID=207
time="2026-03-10T22:02:14+03:00" level=info msg=ConnectionClosed connectionID=206
time="2026-03-10T22:02:14+03:00" level=info msg=ConnectionClosed connectionID=207
time="2026-03-10T22:02:14+03:00" level=info msg=NewConnection DisableClientMultiStatements=false connectionID=208
time="2026-03-10T22:02:14+03:00" level=info msg=ConnectionClosed connectionID=208
time="2026-03-10T22:02:14+03:00" level=info msg=NewConnection DisableClientMultiStatements=false connectionID=209
time="2026-03-10T22:02:14+03:00" level=info msg=NewConnection DisableClientMultiStatements=false connectionID=210
time="2026-03-10T22:02:14+03:00" level=info msg=ConnectionClosed connectionID=209
time="2026-03-10T22:02:14+03:00" level=info msg=ConnectionClosed connectionID=210
time="2026-03-10T22:02:14+03:00" level=info msg=NewConnection DisableClientMultiStatements=false connectionID=211
time="2026-03-10T22:02:14+03:00" level=info msg=ConnectionClosed connectionID=211
time="2026-03-10T22:02:14+03:00" level=info msg=NewConnection DisableClientMultiStatements=false connectionID=212
time="2026-03-10T22:02:14+03:00" level=info msg=NewConnection DisableClientMultiStatements=false connectionID=213
time="2026-03-10T22:02:14+03:00" level=info msg=ConnectionClosed connectionID=212
time="2026-03-10T22:02:14+03:00" level=info msg=ConnectionClosed connectionID=213
time="2026-03-10T22:02:14+03:00" level=info msg=NewConnection DisableClientMultiStatements=false connectionID=214
time="2026-03-10T22:02:14+03:00" level=info msg=ConnectionClosed connectionID=214
time="2026-03-10T22:02:14+03:00" level=info msg=NewConnection DisableClientMultiStatements=false connectionID=215
time="2026-03-10T22:02:14+03:00" level=info msg=NewConnection DisableClientMultiStatements=false connectionID=216
time="2026-03-10T22:02:14+03:00" level=info msg=ConnectionClosed connectionID=215
time="2026-03-10T22:02:14+03:00" level=info msg=ConnectionClosed connectionID=216
time="2026-03-10T22:02:14+03:00" level=info msg=NewConnection DisableClientMultiStatements=false connectionID=217
time="2026-03-10T22:02:14+03:00" level=info msg=ConnectionClosed connectionID=217
time="2026-03-10T22:02:14+03:00" level=info msg=NewConnection DisableClientMultiStatements=false connectionID=218
time="2026-03-10T22:02:14+03:00" level=info msg=NewConnection DisableClientMultiStatements=false connectionID=219
time="2026-03-10T22:02:14+03:00" level=info msg=ConnectionClosed connectionID=218
time="2026-03-10T22:02:14+03:00" level=info msg=ConnectionClosed connectionID=219
time="2026-03-10T22:02:14+03:00" level=info msg=NewConnection DisableClientMultiStatements=false connectionID=220
time="2026-03-10T22:02:14+03:00" level=info msg=ConnectionClosed connectionID=220
time="2026-03-10T22:02:14+03:00" level=info msg=NewConnection DisableClientMultiStatements=false connectionID=221
time="2026-03-10T22:02:14+03:00" level=info msg=NewConnection DisableClientMultiStatements=false connectionID=222
time="2026-03-10T22:02:14+03:00" level=info msg=ConnectionClosed connectionID=221
time="2026-03-10T22:02:14+03:00" level=info msg=ConnectionClosed connectionID=222
time="2026-03-10T22:02:14+03:00" level=info msg=NewConnection DisableClientMultiStatements=false connectionID=223
time="2026-03-10T22:02:14+03:00" level=info msg=ConnectionClosed connectionID=223
time="2026-03-10T22:02:14+03:00" level=info msg=NewConnection DisableClientMultiStatements=false connectionID=224
time="2026-03-10T22:02:14+03:00" level=info msg=NewConnection DisableClientMultiStatements=false connectionID=225
time="2026-03-10T22:02:14+03:00" level=info msg=ConnectionClosed connectionID=224
time="2026-03-10T22:02:14+03:00" level=warning msg="error running query" connectTime="2026-03-10 22:02:14.546675 +0300 MSK m=+553.131028960" connectionDb=beads connectionID=225 error="nothing to commit" queryTime="2026-03-10 22:02:14.553403 +0300 MSK m=+553.137756626"
time="2026-03-10T22:02:14+03:00" level=info msg=ConnectionClosed connectionID=225
time="2026-03-10T22:02:14+03:00" level=info msg=NewConnection DisableClientMultiStatements=false connectionID=226
time="2026-03-10T22:02:14+03:00" level=info msg=ConnectionClosed connectionID=226
time="2026-03-10T22:02:14+03:00" level=info msg=NewConnection DisableClientMultiStatements=false connectionID=227
time="2026-03-10T22:02:14+03:00" level=info msg=ConnectionClosed connectionID=227
time="2026-03-10T22:02:14+03:00" level=info msg=NewConnection DisableClientMultiStatements=false connectionID=228
time="2026-03-10T22:02:14+03:00" level=info msg=NewConnection DisableClientMultiStatements=false connectionID=229
time="2026-03-10T22:02:14+03:00" level=info msg=ConnectionClosed connectionID=228
time="2026-03-10T22:02:14+03:00" level=info msg=ConnectionClosed connectionID=229
time="2026-03-10T22:02:14+03:00" level=info msg=NewConnection DisableClientMultiStatements=false connectionID=230
time="2026-03-10T22:02:14+03:00" level=info msg=ConnectionClosed connectionID=230
time="2026-03-10T22:02:14+03:00" level=info msg=NewConnection DisableClientMultiStatements=false connectionID=231
time="2026-03-10T22:02:14+03:00" level=info msg=NewConnection DisableClientMultiStatements=false connectionID=232
time="2026-03-10T22:02:14+03:00" level=info msg=ConnectionClosed connectionID=231
time="2026-03-10T22:02:14+03:00" level=info msg=ConnectionClosed connectionID=232
time="2026-03-10T22:02:14+03:00" level=info msg=NewConnection DisableClientMultiStatements=false connectionID=233
time="2026-03-10T22:02:14+03:00" level=info msg=ConnectionClosed connectionID=233
time="2026-03-10T22:02:14+03:00" level=info msg=NewConnection DisableClientMultiStatements=false connectionID=234
time="2026-03-10T22:02:14+03:00" level=info msg=NewConnection DisableClientMultiStatements=false connectionID=235
time="2026-03-10T22:02:14+03:00" level=info msg=ConnectionClosed connectionID=234
time="2026-03-10T22:02:14+03:00" level=info msg=ConnectionClosed connectionID=235
time="2026-03-10T22:02:14+03:00" level=info msg=NewConnection DisableClientMultiStatements=false connectionID=236
time="2026-03-10T22:02:14+03:00" level=info msg=ConnectionClosed connectionID=236
time="2026-03-10T22:02:14+03:00" level=info msg=NewConnection DisableClientMultiStatements=false connectionID=237
time="2026-03-10T22:02:14+03:00" level=info msg=NewConnection DisableClientMultiStatements=false connectionID=238
time="2026-03-10T22:02:14+03:00" level=info msg=ConnectionClosed connectionID=237
time="2026-03-10T22:02:14+03:00" level=info msg=ConnectionClosed connectionID=238
time="2026-03-10T22:02:14+03:00" level=info msg=NewConnection DisableClientMultiStatements=false connectionID=239
time="2026-03-10T22:02:14+03:00" level=info msg=ConnectionClosed connectionID=239
time="2026-03-10T22:02:14+03:00" level=info msg=NewConnection DisableClientMultiStatements=false connectionID=240
time="2026-03-10T22:02:14+03:00" level=info msg=NewConnection DisableClientMultiStatements=false connectionID=241
time="2026-03-10T22:02:14+03:00" level=info msg=ConnectionClosed connectionID=240
time="2026-03-10T22:02:14+03:00" level=info msg=ConnectionClosed connectionID=241
time="2026-03-10T22:02:14+03:00" level=info msg=NewConnection DisableClientMultiStatements=false connectionID=242
time="2026-03-10T22:02:14+03:00" level=info msg=ConnectionClosed connectionID=242
time="2026-03-10T22:02:14+03:00" level=info msg=NewConnection DisableClientMultiStatements=false connectionID=243
time="2026-03-10T22:02:14+03:00" level=info msg=NewConnection DisableClientMultiStatements=false connectionID=244
time="2026-03-10T22:02:14+03:00" level=info msg=ConnectionClosed connectionID=243
time="2026-03-10T22:02:14+03:00" level=info msg=ConnectionClosed connectionID=244
time="2026-03-10T22:02:14+03:00" level=info msg=NewConnection DisableClientMultiStatements=false connectionID=245
time="2026-03-10T22:02:14+03:00" level=info msg=ConnectionClosed connectionID=245
time="2026-03-10T22:02:14+03:00" level=info msg=NewConnection DisableClientMultiStatements=false connectionID=246
time="2026-03-10T22:02:14+03:00" level=info msg=NewConnection DisableClientMultiStatements=false connectionID=247
time="2026-03-10T22:02:14+03:00" level=info msg=ConnectionClosed connectionID=246
time="2026-03-10T22:02:14+03:00" level=info msg=ConnectionClosed connectionID=247
time="2026-03-10T22:02:14+03:00" level=info msg=NewConnection DisableClientMultiStatements=false connectionID=248
time="2026-03-10T22:02:14+03:00" level=info msg=ConnectionClosed connectionID=248
time="2026-03-10T22:02:14+03:00" level=info msg=NewConnection DisableClientMultiStatements=false connectionID=249
time="2026-03-10T22:02:14+03:00" level=info msg=ConnectionClosed connectionID=249
time="2026-03-10T22:02:14+03:00" level=info msg=NewConnection DisableClientMultiStatements=false connectionID=250
time="2026-03-10T22:02:14+03:00" level=info msg=NewConnection DisableClientMultiStatements=false connectionID=251
time="2026-03-10T22:02:14+03:00" level=info msg=ConnectionClosed connectionID=250
time="2026-03-10T22:02:14+03:00" level=info msg=ConnectionClosed connectionID=251
time="2026-03-10T22:02:14+03:00" level=info msg=NewConnection DisableClientMultiStatements=false connectionID=252
time="2026-03-10T22:02:14+03:00" level=info msg=ConnectionClosed connectionID=252
time="2026-03-10T22:02:14+03:00" level=info msg=NewConnection DisableClientMultiStatements=false connectionID=253
time="2026-03-10T22:02:14+03:00" level=info msg=NewConnection DisableClientMultiStatements=false connectionID=254
time="2026-03-10T22:02:14+03:00" level=info msg=ConnectionClosed connectionID=253
time="2026-03-10T22:02:14+03:00" level=info msg=ConnectionClosed connectionID=254
time="2026-03-10T22:02:14+03:00" level=info msg=NewConnection DisableClientMultiStatements=false connectionID=255
time="2026-03-10T22:02:14+03:00" level=info msg=ConnectionClosed connectionID=255
time="2026-03-10T22:02:14+03:00" level=info msg=NewConnection DisableClientMultiStatements=false connectionID=256
time="2026-03-10T22:02:14+03:00" level=info msg=NewConnection DisableClientMultiStatements=false connectionID=257
time="2026-03-10T22:02:14+03:00" level=info msg=ConnectionClosed connectionID=256
time="2026-03-10T22:02:14+03:00" level=info msg=ConnectionClosed connectionID=257
time="2026-03-10T22:02:14+03:00" level=info msg=NewConnection DisableClientMultiStatements=false connectionID=258
time="2026-03-10T22:02:14+03:00" level=info msg=ConnectionClosed connectionID=258
time="2026-03-10T22:02:14+03:00" level=info msg=NewConnection DisableClientMultiStatements=false connectionID=259
time="2026-03-10T22:02:14+03:00" level=info msg=NewConnection DisableClientMultiStatements=false connectionID=260
time="2026-03-10T22:02:14+03:00" level=info msg=ConnectionClosed connectionID=259
time="2026-03-10T22:02:14+03:00" level=info msg=ConnectionClosed connectionID=260
time="2026-03-10T22:02:14+03:00" level=info msg=NewConnection DisableClientMultiStatements=false connectionID=261
time="2026-03-10T22:02:14+03:00" level=info msg=ConnectionClosed connectionID=261
time="2026-03-10T22:02:14+03:00" level=info msg=NewConnection DisableClientMultiStatements=false connectionID=262
time="2026-03-10T22:02:14+03:00" level=info msg=ConnectionClosed connectionID=262
time="2026-03-10T22:02:14+03:00" level=info msg=NewConnection DisableClientMultiStatements=false connectionID=263
time="2026-03-10T22:02:14+03:00" level=info msg=NewConnection DisableClientMultiStatements=false connectionID=264
time="2026-03-10T22:02:14+03:00" level=info msg=ConnectionClosed connectionID=263
time="2026-03-10T22:02:14+03:00" level=info msg=ConnectionClosed connectionID=264
time="2026-03-10T22:02:14+03:00" level=info msg=NewConnection DisableClientMultiStatements=false connectionID=265
time="2026-03-10T22:02:14+03:00" level=info msg=ConnectionClosed connectionID=265
time="2026-03-10T22:02:14+03:00" level=info msg=NewConnection DisableClientMultiStatements=false connectionID=266
time="2026-03-10T22:02:14+03:00" level=info msg=NewConnection DisableClientMultiStatements=false connectionID=267
time="2026-03-10T22:02:14+03:00" level=info msg=ConnectionClosed connectionID=266
time="2026-03-10T22:02:14+03:00" level=info msg=ConnectionClosed connectionID=267
time="2026-03-10T22:02:14+03:00" level=info msg=NewConnection DisableClientMultiStatements=false connectionID=268
time="2026-03-10T22:02:14+03:00" level=info msg=ConnectionClosed connectionID=268
time="2026-03-10T22:02:14+03:00" level=info msg=NewConnection DisableClientMultiStatements=false connectionID=269
time="2026-03-10T22:02:14+03:00" level=info msg=NewConnection DisableClientMultiStatements=false connectionID=270
time="2026-03-10T22:02:14+03:00" level=info msg=ConnectionClosed connectionID=269
time="2026-03-10T22:02:14+03:00" level=info msg=ConnectionClosed connectionID=270
time="2026-03-10T22:02:14+03:00" level=info msg=NewConnection DisableClientMultiStatements=false connectionID=271
time="2026-03-10T22:02:14+03:00" level=info msg=ConnectionClosed connectionID=271
time="2026-03-10T22:02:14+03:00" level=info msg=NewConnection DisableClientMultiStatements=false connectionID=272
time="2026-03-10T22:02:14+03:00" level=info msg=NewConnection DisableClientMultiStatements=false connectionID=273
time="2026-03-10T22:02:14+03:00" level=info msg=ConnectionClosed connectionID=272
time="2026-03-10T22:02:14+03:00" level=warning msg="error running query" connectTime="2026-03-10 22:02:14.814309 +0300 MSK m=+553.398661710" connectionDb=beads connectionID=273 error="nothing to commit" queryTime="2026-03-10 22:02:14.821595 +0300 MSK m=+553.405948126"
time="2026-03-10T22:02:14+03:00" level=info msg=ConnectionClosed connectionID=273
time="2026-03-10T22:02:14+03:00" level=info msg=NewConnection DisableClientMultiStatements=false connectionID=274
time="2026-03-10T22:02:14+03:00" level=info msg=ConnectionClosed connectionID=274
time="2026-03-10T22:02:14+03:00" level=info msg=NewConnection DisableClientMultiStatements=false connectionID=275
time="2026-03-10T22:02:14+03:00" level=info msg=NewConnection DisableClientMultiStatements=false connectionID=276
time="2026-03-10T22:02:14+03:00" level=info msg=ConnectionClosed connectionID=275
time="2026-03-10T22:02:14+03:00" level=info msg=ConnectionClosed connectionID=276
time="2026-03-10T22:02:14+03:00" level=info msg=NewConnection DisableClientMultiStatements=false connectionID=277
time="2026-03-10T22:02:14+03:00" level=info msg=ConnectionClosed connectionID=277
time="2026-03-10T22:02:14+03:00" level=info msg=NewConnection DisableClientMultiStatements=false connectionID=278
time="2026-03-10T22:02:14+03:00" level=info msg=NewConnection DisableClientMultiStatements=false connectionID=279
time="2026-03-10T22:02:14+03:00" level=info msg=ConnectionClosed connectionID=278
time="2026-03-10T22:02:14+03:00" level=info msg=ConnectionClosed connectionID=279
time="2026-03-10T22:02:14+03:00" level=info msg=NewConnection DisableClientMultiStatements=false connectionID=280
time="2026-03-10T22:02:14+03:00" level=info msg=ConnectionClosed connectionID=280
time="2026-03-10T22:02:14+03:00" level=info msg=NewConnection DisableClientMultiStatements=false connectionID=281
time="2026-03-10T22:02:14+03:00" level=info msg=NewConnection DisableClientMultiStatements=false connectionID=282
time="2026-03-10T22:02:14+03:00" level=info msg=ConnectionClosed connectionID=281
time="2026-03-10T22:02:14+03:00" level=info msg=ConnectionClosed connectionID=282
time="2026-03-10T22:02:14+03:00" level=info msg=NewConnection DisableClientMultiStatements=false connectionID=283
time="2026-03-10T22:02:14+03:00" level=info msg=ConnectionClosed connectionID=283
time="2026-03-10T22:02:14+03:00" level=info msg=NewConnection DisableClientMultiStatements=false connectionID=284
time="2026-03-10T22:02:14+03:00" level=info msg=NewConnection DisableClientMultiStatements=false connectionID=285
time="2026-03-10T22:02:14+03:00" level=info msg=ConnectionClosed connectionID=284
time="2026-03-10T22:02:14+03:00" level=info msg=ConnectionClosed connectionID=285
time="2026-03-10T22:02:14+03:00" level=info msg=NewConnection DisableClientMultiStatements=false connectionID=286
time="2026-03-10T22:02:14+03:00" level=info msg=ConnectionClosed connectionID=286
time="2026-03-10T22:02:14+03:00" level=info msg=NewConnection DisableClientMultiStatements=false connectionID=287
time="2026-03-10T22:02:14+03:00" level=info msg=NewConnection DisableClientMultiStatements=false connectionID=288
time="2026-03-10T22:02:14+03:00" level=info msg=ConnectionClosed connectionID=287
time="2026-03-10T22:02:14+03:00" level=info msg=ConnectionClosed connectionID=288
time="2026-03-10T22:02:14+03:00" level=info msg=NewConnection DisableClientMultiStatements=false connectionID=289
time="2026-03-10T22:02:14+03:00" level=info msg=ConnectionClosed connectionID=289
time="2026-03-10T22:02:14+03:00" level=info msg=NewConnection DisableClientMultiStatements=false connectionID=290
time="2026-03-10T22:02:14+03:00" level=info msg=NewConnection DisableClientMultiStatements=false connectionID=291
time="2026-03-10T22:02:14+03:00" level=info msg=ConnectionClosed connectionID=290
time="2026-03-10T22:02:14+03:00" level=info msg=ConnectionClosed connectionID=291
time="2026-03-10T22:02:14+03:00" level=info msg=NewConnection DisableClientMultiStatements=false connectionID=292
time="2026-03-10T22:02:14+03:00" level=info msg=ConnectionClosed connectionID=292
time="2026-03-10T22:02:14+03:00" level=info msg=NewConnection DisableClientMultiStatements=false connectionID=293
time="2026-03-10T22:02:14+03:00" level=info msg=NewConnection DisableClientMultiStatements=false connectionID=294
time="2026-03-10T22:02:14+03:00" level=info msg=ConnectionClosed connectionID=293
time="2026-03-10T22:02:14+03:00" level=info msg=ConnectionClosed connectionID=294
time="2026-03-10T22:02:14+03:00" level=info msg=NewConnection DisableClientMultiStatements=false connectionID=295
time="2026-03-10T22:02:14+03:00" level=info msg=ConnectionClosed connectionID=295
time="2026-03-10T22:02:14+03:00" level=info msg=NewConnection DisableClientMultiStatements=false connectionID=296
time="2026-03-10T22:02:14+03:00" level=info msg=NewConnection DisableClientMultiStatements=false connectionID=297
time="2026-03-10T22:02:14+03:00" level=info msg=ConnectionClosed connectionID=296
time="2026-03-10T22:02:14+03:00" level=info msg=ConnectionClosed connectionID=297
time="2026-03-10T22:02:14+03:00" level=info msg=NewConnection DisableClientMultiStatements=false connectionID=298
time="2026-03-10T22:02:14+03:00" level=info msg=ConnectionClosed connectionID=298
time="2026-03-10T22:02:14+03:00" level=info msg=NewConnection DisableClientMultiStatements=false connectionID=299
time="2026-03-10T22:02:14+03:00" level=info msg=NewConnection DisableClientMultiStatements=false connectionID=300
time="2026-03-10T22:02:14+03:00" level=info msg=ConnectionClosed connectionID=299
time="2026-03-10T22:02:14+03:00" level=warning msg="error running query" connectTime="2026-03-10 22:02:14.904523 +0300 MSK m=+553.488875585" connectionDb=beads connectionID=300 error="nothing to commit" queryTime="2026-03-10 22:02:14.911573 +0300 MSK m=+553.495925543"
time="2026-03-10T22:02:14+03:00" level=info msg=ConnectionClosed connectionID=300
time="2026-03-10T22:02:14+03:00" level=info msg=NewConnection DisableClientMultiStatements=false connectionID=301
time="2026-03-10T22:02:14+03:00" level=info msg=ConnectionClosed connectionID=301
time="2026-03-10T22:02:14+03:00" level=info msg=NewConnection DisableClientMultiStatements=false connectionID=302
time="2026-03-10T22:02:14+03:00" level=info msg=ConnectionClosed connectionID=302
time="2026-03-10T22:02:14+03:00" level=info msg=NewConnection DisableClientMultiStatements=false connectionID=303
time="2026-03-10T22:02:14+03:00" level=info msg=NewConnection DisableClientMultiStatements=false connectionID=304
time="2026-03-10T22:02:14+03:00" level=info msg=ConnectionClosed connectionID=303
time="2026-03-10T22:02:14+03:00" level=info msg=ConnectionClosed connectionID=304
time="2026-03-10T22:02:57+03:00" level=info msg=NewConnection DisableClientMultiStatements=false connectionID=305
time="2026-03-10T22:02:57+03:00" level=info msg=ConnectionClosed connectionID=305
time="2026-03-10T22:02:57+03:00" level=info msg=NewConnection DisableClientMultiStatements=false connectionID=306
time="2026-03-10T22:02:57+03:00" level=info msg=NewConnection DisableClientMultiStatements=false connectionID=307
time="2026-03-10T22:02:57+03:00" level=info msg=ConnectionClosed connectionID=306
time="2026-03-10T22:02:57+03:00" level=info msg=ConnectionClosed connectionID=307
time="2026-03-10T22:02:57+03:00" level=info msg=NewConnection DisableClientMultiStatements=false connectionID=308
time="2026-03-10T22:02:57+03:00" level=info msg=ConnectionClosed connectionID=308
time="2026-03-10T22:02:57+03:00" level=info msg=NewConnection DisableClientMultiStatements=false connectionID=309
time="2026-03-10T22:02:57+03:00" level=info msg=NewConnection DisableClientMultiStatements=false connectionID=310
time="2026-03-10T22:02:57+03:00" level=info msg=ConnectionClosed connectionID=309
time="2026-03-10T22:02:57+03:00" level=info msg=ConnectionClosed connectionID=310
time="2026-03-10T22:03:50+03:00" level=info msg=NewConnection DisableClientMultiStatements=false connectionID=311
time="2026-03-10T22:03:50+03:00" level=info msg=ConnectionClosed connectionID=311
time="2026-03-10T22:03:50+03:00" level=info msg=NewConnection DisableClientMultiStatements=false connectionID=312
time="2026-03-10T22:03:50+03:00" level=info msg=NewConnection DisableClientMultiStatements=false connectionID=313
time="2026-03-10T22:03:50+03:00" level=info msg=ConnectionClosed connectionID=312
time="2026-03-10T22:03:50+03:00" level=info msg=ConnectionClosed connectionID=313
time="2026-03-10T22:04:37+03:00" level=info msg=NewConnection DisableClientMultiStatements=false connectionID=314
time="2026-03-10T22:04:37+03:00" level=info msg=ConnectionClosed connectionID=314
time="2026-03-10T22:04:37+03:00" level=info msg=NewConnection DisableClientMultiStatements=false connectionID=315
time="2026-03-10T22:04:37+03:00" level=info msg=NewConnection DisableClientMultiStatements=false connectionID=316
time="2026-03-10T22:04:37+03:00" level=info msg=ConnectionClosed connectionID=315
time="2026-03-10T22:04:37+03:00" level=info msg=ConnectionClosed connectionID=316
time="2026-03-10T22:04:37+03:00" level=info msg=NewConnection DisableClientMultiStatements=false connectionID=317
time="2026-03-10T22:04:37+03:00" level=info msg=ConnectionClosed connectionID=317
time="2026-03-10T22:04:37+03:00" level=info msg=NewConnection DisableClientMultiStatements=false connectionID=318
time="2026-03-10T22:04:37+03:00" level=info msg=NewConnection DisableClientMultiStatements=false connectionID=319
time="2026-03-10T22:04:37+03:00" level=info msg=ConnectionClosed connectionID=318
time="2026-03-10T22:04:37+03:00" level=info msg=ConnectionClosed connectionID=319
time="2026-03-10T22:04:37+03:00" level=info msg=NewConnection DisableClientMultiStatements=false connectionID=320
time="2026-03-10T22:04:37+03:00" level=info msg=ConnectionClosed connectionID=320
time="2026-03-10T22:04:37+03:00" level=info msg=NewConnection DisableClientMultiStatements=false connectionID=321
time="2026-03-10T22:04:37+03:00" level=info msg=NewConnection DisableClientMultiStatements=false connectionID=322
time="2026-03-10T22:04:37+03:00" level=info msg=ConnectionClosed connectionID=321
time="2026-03-10T22:04:37+03:00" level=info msg=ConnectionClosed connectionID=322
time="2026-03-10T22:04:37+03:00" level=info msg=NewConnection DisableClientMultiStatements=false connectionID=323
time="2026-03-10T22:04:37+03:00" level=info msg=ConnectionClosed connectionID=323
time="2026-03-10T22:04:37+03:00" level=info msg=NewConnection DisableClientMultiStatements=false connectionID=324
time="2026-03-10T22:04:37+03:00" level=info msg=NewConnection DisableClientMultiStatements=false connectionID=325
time="2026-03-10T22:04:37+03:00" level=info msg=ConnectionClosed connectionID=324
time="2026-03-10T22:04:37+03:00" level=info msg=ConnectionClosed connectionID=325
time="2026-03-10T22:04:37+03:00" level=info msg=NewConnection DisableClientMultiStatements=false connectionID=326
time="2026-03-10T22:04:37+03:00" level=info msg=ConnectionClosed connectionID=326
time="2026-03-10T22:04:37+03:00" level=info msg=NewConnection DisableClientMultiStatements=false connectionID=327
time="2026-03-10T22:04:37+03:00" level=info msg=NewConnection DisableClientMultiStatements=false connectionID=328
time="2026-03-10T22:04:37+03:00" level=info msg=ConnectionClosed connectionID=327
time="2026-03-10T22:04:37+03:00" level=info msg=ConnectionClosed connectionID=328
time="2026-03-10T22:04:37+03:00" level=info msg=NewConnection DisableClientMultiStatements=false connectionID=329
time="2026-03-10T22:04:37+03:00" level=info msg=ConnectionClosed connectionID=329
time="2026-03-10T22:04:37+03:00" level=info msg=NewConnection DisableClientMultiStatements=false connectionID=330
time="2026-03-10T22:04:37+03:00" level=info msg=NewConnection DisableClientMultiStatements=false connectionID=331
time="2026-03-10T22:04:37+03:00" level=info msg=ConnectionClosed connectionID=330
time="2026-03-10T22:04:37+03:00" level=info msg=ConnectionClosed connectionID=331
time="2026-03-10T22:04:37+03:00" level=info msg=NewConnection DisableClientMultiStatements=false connectionID=332
time="2026-03-10T22:04:37+03:00" level=info msg=ConnectionClosed connectionID=332
time="2026-03-10T22:04:37+03:00" level=info msg=NewConnection DisableClientMultiStatements=false connectionID=333
time="2026-03-10T22:04:37+03:00" level=info msg=ConnectionClosed connectionID=333
time="2026-03-10T22:04:37+03:00" level=info msg=NewConnection DisableClientMultiStatements=false connectionID=334
time="2026-03-10T22:04:37+03:00" level=info msg=NewConnection DisableClientMultiStatements=false connectionID=335
time="2026-03-10T22:04:37+03:00" level=info msg=ConnectionClosed connectionID=334
time="2026-03-10T22:04:37+03:00" level=info msg=ConnectionClosed connectionID=335
time="2026-03-10T22:04:37+03:00" level=info msg=NewConnection DisableClientMultiStatements=false connectionID=336
time="2026-03-10T22:04:37+03:00" level=info msg=ConnectionClosed connectionID=336
time="2026-03-10T22:04:37+03:00" level=info msg=NewConnection DisableClientMultiStatements=false connectionID=337
time="2026-03-10T22:04:37+03:00" level=info msg=NewConnection DisableClientMultiStatements=false connectionID=338
time="2026-03-10T22:04:37+03:00" level=info msg=ConnectionClosed connectionID=337
time="2026-03-10T22:04:37+03:00" level=info msg=ConnectionClosed connectionID=338
time="2026-03-10T22:04:37+03:00" level=info msg=NewConnection DisableClientMultiStatements=false connectionID=339
time="2026-03-10T22:04:37+03:00" level=info msg=ConnectionClosed connectionID=339
time="2026-03-10T22:04:37+03:00" level=info msg=NewConnection DisableClientMultiStatements=false connectionID=340
time="2026-03-10T22:04:37+03:00" level=info msg=NewConnection DisableClientMultiStatements=false connectionID=341
time="2026-03-10T22:04:37+03:00" level=info msg=ConnectionClosed connectionID=340
time="2026-03-10T22:04:37+03:00" level=info msg=ConnectionClosed connectionID=341
time="2026-03-10T22:04:37+03:00" level=info msg=NewConnection DisableClientMultiStatements=false connectionID=342
time="2026-03-10T22:04:37+03:00" level=info msg=ConnectionClosed connectionID=342
time="2026-03-10T22:04:37+03:00" level=info msg=NewConnection DisableClientMultiStatements=false connectionID=343
time="2026-03-10T22:04:37+03:00" level=info msg=NewConnection DisableClientMultiStatements=false connectionID=344
time="2026-03-10T22:04:37+03:00" level=info msg=ConnectionClosed connectionID=343
time="2026-03-10T22:04:37+03:00" level=info msg=ConnectionClosed connectionID=344
time="2026-03-10T22:04:37+03:00" level=info msg=NewConnection DisableClientMultiStatements=false connectionID=345
time="2026-03-10T22:04:37+03:00" level=info msg=ConnectionClosed connectionID=345
time="2026-03-10T22:04:37+03:00" level=info msg=NewConnection DisableClientMultiStatements=false connectionID=346
time="2026-03-10T22:04:37+03:00" level=info msg=ConnectionClosed connectionID=346
time="2026-03-10T22:04:37+03:00" level=info msg=NewConnection DisableClientMultiStatements=false connectionID=347
time="2026-03-10T22:04:37+03:00" level=info msg=NewConnection DisableClientMultiStatements=false connectionID=348
time="2026-03-10T22:04:37+03:00" level=info msg=ConnectionClosed connectionID=347
time="2026-03-10T22:04:37+03:00" level=info msg=ConnectionClosed connectionID=348
time="2026-03-10T22:04:37+03:00" level=info msg=NewConnection DisableClientMultiStatements=false connectionID=349
time="2026-03-10T22:04:37+03:00" level=info msg=ConnectionClosed connectionID=349
time="2026-03-10T22:04:37+03:00" level=info msg=NewConnection DisableClientMultiStatements=false connectionID=350
time="2026-03-10T22:04:37+03:00" level=info msg=NewConnection DisableClientMultiStatements=false connectionID=351
time="2026-03-10T22:04:37+03:00" level=info msg=ConnectionClosed connectionID=350
time="2026-03-10T22:04:37+03:00" level=info msg=ConnectionClosed connectionID=351
time="2026-03-10T22:04:37+03:00" level=info msg=NewConnection DisableClientMultiStatements=false connectionID=352
time="2026-03-10T22:04:37+03:00" level=info msg=ConnectionClosed connectionID=352
time="2026-03-10T22:04:37+03:00" level=info msg=NewConnection DisableClientMultiStatements=false connectionID=353
time="2026-03-10T22:04:37+03:00" level=info msg=NewConnection DisableClientMultiStatements=false connectionID=354
time="2026-03-10T22:04:37+03:00" level=info msg=ConnectionClosed connectionID=353
time="2026-03-10T22:04:37+03:00" level=info msg=ConnectionClosed connectionID=354
time="2026-03-10T22:04:37+03:00" level=info msg=NewConnection DisableClientMultiStatements=false connectionID=355
time="2026-03-10T22:04:37+03:00" level=info msg=ConnectionClosed connectionID=355
time="2026-03-10T22:04:37+03:00" level=info msg=NewConnection DisableClientMultiStatements=false connectionID=356
time="2026-03-10T22:04:37+03:00" level=info msg=NewConnection DisableClientMultiStatements=false connectionID=357
time="2026-03-10T22:04:37+03:00" level=info msg=ConnectionClosed connectionID=356
time="2026-03-10T22:04:37+03:00" level=warning msg="error running query" connectTime="2026-03-10 22:04:37.672308 +0300 MSK m=+696.256335293" connectionDb=beads connectionID=357 error="nothing to commit" queryTime="2026-03-10 22:04:37.679059 +0300 MSK m=+696.263086376"
time="2026-03-10T22:04:37+03:00" level=info msg=ConnectionClosed connectionID=357
time="2026-03-10T22:04:37+03:00" level=info msg=NewConnection DisableClientMultiStatements=false connectionID=358
time="2026-03-10T22:04:37+03:00" level=info msg=ConnectionClosed connectionID=358
time="2026-03-10T22:04:37+03:00" level=info msg=NewConnection DisableClientMultiStatements=false connectionID=359
time="2026-03-10T22:04:37+03:00" level=info msg=NewConnection DisableClientMultiStatements=false connectionID=360
time="2026-03-10T22:04:37+03:00" level=info msg=ConnectionClosed connectionID=359
time="2026-03-10T22:04:37+03:00" level=info msg=ConnectionClosed connectionID=360
time="2026-03-10T22:04:37+03:00" level=info msg=NewConnection DisableClientMultiStatements=false connectionID=361
time="2026-03-10T22:04:37+03:00" level=info msg=ConnectionClosed connectionID=361
time="2026-03-10T22:04:37+03:00" level=info msg=NewConnection DisableClientMultiStatements=false connectionID=362
time="2026-03-10T22:04:37+03:00" level=info msg=NewConnection DisableClientMultiStatements=false connectionID=363
time="2026-03-10T22:04:37+03:00" level=info msg=ConnectionClosed connectionID=362
time="2026-03-10T22:04:37+03:00" level=info msg=ConnectionClosed connectionID=363
time="2026-03-10T22:04:37+03:00" level=info msg=NewConnection DisableClientMultiStatements=false connectionID=364
time="2026-03-10T22:04:37+03:00" level=info msg=ConnectionClosed connectionID=364
time="2026-03-10T22:04:37+03:00" level=info msg=NewConnection DisableClientMultiStatements=false connectionID=365
time="2026-03-10T22:04:37+03:00" level=info msg=NewConnection DisableClientMultiStatements=false connectionID=366
time="2026-03-10T22:04:37+03:00" level=info msg=ConnectionClosed connectionID=365
time="2026-03-10T22:04:37+03:00" level=info msg=ConnectionClosed connectionID=366
time="2026-03-10T22:04:37+03:00" level=info msg=NewConnection DisableClientMultiStatements=false connectionID=367
time="2026-03-10T22:04:37+03:00" level=info msg=ConnectionClosed connectionID=367
time="2026-03-10T22:04:37+03:00" level=info msg=NewConnection DisableClientMultiStatements=false connectionID=368
time="2026-03-10T22:04:37+03:00" level=info msg=NewConnection DisableClientMultiStatements=false connectionID=369
time="2026-03-10T22:04:37+03:00" level=info msg=ConnectionClosed connectionID=368
time="2026-03-10T22:04:37+03:00" level=info msg=ConnectionClosed connectionID=369
time="2026-03-10T22:04:37+03:00" level=info msg=NewConnection DisableClientMultiStatements=false connectionID=370
time="2026-03-10T22:04:37+03:00" level=info msg=ConnectionClosed connectionID=370
time="2026-03-10T22:04:37+03:00" level=info msg=NewConnection DisableClientMultiStatements=false connectionID=371
time="2026-03-10T22:04:37+03:00" level=info msg=NewConnection DisableClientMultiStatements=false connectionID=372
time="2026-03-10T22:04:37+03:00" level=info msg=ConnectionClosed connectionID=371
time="2026-03-10T22:04:37+03:00" level=info msg=ConnectionClosed connectionID=372
time="2026-03-10T22:04:37+03:00" level=info msg=NewConnection DisableClientMultiStatements=false connectionID=373
time="2026-03-10T22:04:37+03:00" level=info msg=ConnectionClosed connectionID=373
time="2026-03-10T22:04:37+03:00" level=info msg=NewConnection DisableClientMultiStatements=false connectionID=374
time="2026-03-10T22:04:37+03:00" level=info msg=NewConnection DisableClientMultiStatements=false connectionID=375
time="2026-03-10T22:04:37+03:00" level=info msg=ConnectionClosed connectionID=374
time="2026-03-10T22:04:37+03:00" level=info msg=ConnectionClosed connectionID=375
time="2026-03-10T22:04:37+03:00" level=info msg=NewConnection DisableClientMultiStatements=false connectionID=376
time="2026-03-10T22:04:37+03:00" level=info msg=ConnectionClosed connectionID=376
time="2026-03-10T22:04:37+03:00" level=info msg=NewConnection DisableClientMultiStatements=false connectionID=377
time="2026-03-10T22:04:37+03:00" level=info msg=NewConnection DisableClientMultiStatements=false connectionID=378
time="2026-03-10T22:04:37+03:00" level=info msg=ConnectionClosed connectionID=377
time="2026-03-10T22:04:37+03:00" level=info msg=ConnectionClosed connectionID=378
time="2026-03-10T22:04:37+03:00" level=info msg=NewConnection DisableClientMultiStatements=false connectionID=379
time="2026-03-10T22:04:37+03:00" level=info msg=ConnectionClosed connectionID=379
time="2026-03-10T22:04:37+03:00" level=info msg=NewConnection DisableClientMultiStatements=false connectionID=380
time="2026-03-10T22:04:37+03:00" level=info msg=NewConnection DisableClientMultiStatements=false connectionID=381
time="2026-03-10T22:04:37+03:00" level=info msg=ConnectionClosed connectionID=380
time="2026-03-10T22:04:37+03:00" level=info msg=ConnectionClosed connectionID=381
time="2026-03-10T22:04:37+03:00" level=info msg=NewConnection DisableClientMultiStatements=false connectionID=382
time="2026-03-10T22:04:37+03:00" level=info msg=ConnectionClosed connectionID=382
time="2026-03-10T22:04:37+03:00" level=info msg=NewConnection DisableClientMultiStatements=false connectionID=383
time="2026-03-10T22:04:37+03:00" level=info msg=NewConnection DisableClientMultiStatements=false connectionID=384
time="2026-03-10T22:04:37+03:00" level=info msg=ConnectionClosed connectionID=383
time="2026-03-10T22:04:37+03:00" level=warning msg="error running query" connectTime="2026-03-10 22:04:37.759634 +0300 MSK m=+696.343660626" connectionDb=beads connectionID=384 error="nothing to commit" queryTime="2026-03-10 22:04:37.766005 +0300 MSK m=+696.350031960"
time="2026-03-10T22:04:37+03:00" level=info msg=ConnectionClosed connectionID=384
time="2026-03-10T22:04:37+03:00" level=info msg=NewConnection DisableClientMultiStatements=false connectionID=385
time="2026-03-10T22:04:37+03:00" level=info msg=ConnectionClosed connectionID=385
time="2026-03-10T22:04:37+03:00" level=info msg=NewConnection DisableClientMultiStatements=false connectionID=386
time="2026-03-10T22:04:37+03:00" level=info msg=ConnectionClosed connectionID=386
time="2026-03-10T22:04:37+03:00" level=info msg=NewConnection DisableClientMultiStatements=false connectionID=387
time="2026-03-10T22:04:37+03:00" level=info msg=NewConnection DisableClientMultiStatements=false connectionID=388
time="2026-03-10T22:04:37+03:00" level=info msg=ConnectionClosed connectionID=387
time="2026-03-10T22:04:37+03:00" level=info msg=ConnectionClosed connectionID=388
time="2026-03-10T22:24:03+03:00" level=info msg=NewConnection DisableClientMultiStatements=false connectionID=389
time="2026-03-10T22:24:03+03:00" level=info msg="Server closing listener. No longer accepting connections."
time="2026-03-10T22:24:03+03:00" level=info msg=ConnectionClosed connectionID=389
time="2026-03-10T22:24:03+03:00" level=info msg="stats stopped: context canceled"
Starting server with Config HP="127.0.0.1:13508"|T="28800000"|R="false"|L="info"
time="2026-03-10T22:36:56+03:00" level=info msg="Server ready. Accepting connections."
time="2026-03-10T22:36:56+03:00" level=warning msg="secure_file_priv is set to \"\", which is insecure."
time="2026-03-10T22:36:56+03:00" level=warning msg="Any user with GRANT FILE privileges will be able to read any file which the sql-server process can read."
time="2026-03-10T22:36:56+03:00" level=warning msg="Please consider restarting the server with secure_file_priv set to a safe (or non-existent) directory."
time="2026-03-10T22:36:57+03:00" level=info msg=NewConnection DisableClientMultiStatements=false connectionID=1
time="2026-03-10T22:36:57+03:00" level=info msg=NewConnection DisableClientMultiStatements=false connectionID=2
time="2026-03-10T22:36:57+03:00" level=info msg=ConnectionClosed connectionID=2
time="2026-03-10T22:36:57+03:00" level=info msg=ConnectionClosed connectionID=1
time="2026-03-10T22:36:57+03:00" level=info msg=NewConnection DisableClientMultiStatements=false connectionID=3
time="2026-03-10T22:36:57+03:00" level=info msg=NewConnection DisableClientMultiStatements=false connectionID=4
time="2026-03-10T22:36:57+03:00" level=info msg=ConnectionClosed connectionID=3
time="2026-03-10T22:36:57+03:00" level=warning msg="error running query" connectTime="2026-03-10 22:36:57.168228 +0300 MSK m=+0.501990626" connectionDb=beads connectionID=4 error="nothing to commit" queryTime="2026-03-10 22:36:57.186667 +0300 MSK m=+0.520429334"
time="2026-03-10T22:36:57+03:00" level=info msg=ConnectionClosed connectionID=4
time="2026-03-10T22:37:11+03:00" level=info msg=NewConnection DisableClientMultiStatements=false connectionID=5
time="2026-03-10T22:37:11+03:00" level=info msg=ConnectionClosed connectionID=5
time="2026-03-10T22:37:11+03:00" level=info msg=NewConnection DisableClientMultiStatements=false connectionID=6
time="2026-03-10T22:37:11+03:00" level=info msg=NewConnection DisableClientMultiStatements=false connectionID=7
time="2026-03-10T22:37:11+03:00" level=info msg=ConnectionClosed connectionID=6
time="2026-03-10T22:37:11+03:00" level=info msg=ConnectionClosed connectionID=7
time="2026-03-10T22:37:14+03:00" level=info msg=NewConnection DisableClientMultiStatements=false connectionID=9
time="2026-03-10T22:37:14+03:00" level=info msg=NewConnection DisableClientMultiStatements=false connectionID=8
time="2026-03-10T22:37:14+03:00" level=info msg=ConnectionClosed connectionID=8
time="2026-03-10T22:37:14+03:00" level=info msg=NewConnection DisableClientMultiStatements=false connectionID=10
time="2026-03-10T22:37:14+03:00" level=info msg=ConnectionClosed connectionID=9
time="2026-03-10T22:37:14+03:00" level=info msg=ConnectionClosed connectionID=10
time="2026-03-10T22:37:14+03:00" level=info msg=NewConnection DisableClientMultiStatements=false connectionID=11
time="2026-03-10T22:37:14+03:00" level=info msg=ConnectionClosed connectionID=11
time="2026-03-10T22:37:14+03:00" level=info msg=NewConnection DisableClientMultiStatements=false connectionID=12
time="2026-03-10T22:37:14+03:00" level=info msg=NewConnection DisableClientMultiStatements=false connectionID=13
time="2026-03-10T22:37:14+03:00" level=info msg=ConnectionClosed connectionID=12
time="2026-03-10T22:37:14+03:00" level=info msg=ConnectionClosed connectionID=13
time="2026-03-10T22:38:13+03:00" level=info msg=NewConnection DisableClientMultiStatements=false connectionID=14
time="2026-03-10T22:38:13+03:00" level=info msg=ConnectionClosed connectionID=14
time="2026-03-10T22:38:13+03:00" level=info msg=NewConnection DisableClientMultiStatements=false connectionID=15
time="2026-03-10T22:38:13+03:00" level=info msg=NewConnection DisableClientMultiStatements=false connectionID=16
time="2026-03-10T22:38:13+03:00" level=info msg=ConnectionClosed connectionID=15
time="2026-03-10T22:38:13+03:00" level=info msg=ConnectionClosed connectionID=16
time="2026-03-10T22:38:13+03:00" level=info msg=NewConnection DisableClientMultiStatements=false connectionID=17
time="2026-03-10T22:38:13+03:00" level=info msg=ConnectionClosed connectionID=17
time="2026-03-10T22:38:13+03:00" level=info msg=NewConnection DisableClientMultiStatements=false connectionID=18
time="2026-03-10T22:38:13+03:00" level=info msg=NewConnection DisableClientMultiStatements=false connectionID=19
time="2026-03-10T22:38:13+03:00" level=info msg=ConnectionClosed connectionID=18
time="2026-03-10T22:38:13+03:00" level=info msg=ConnectionClosed connectionID=19
time="2026-03-10T22:38:13+03:00" level=info msg=NewConnection DisableClientMultiStatements=false connectionID=20
time="2026-03-10T22:38:13+03:00" level=info msg=ConnectionClosed connectionID=20
time="2026-03-10T22:38:13+03:00" level=info msg=NewConnection DisableClientMultiStatements=false connectionID=21
time="2026-03-10T22:38:13+03:00" level=info msg=NewConnection DisableClientMultiStatements=false connectionID=22
time="2026-03-10T22:38:13+03:00" level=info msg=ConnectionClosed connectionID=21
time="2026-03-10T22:38:13+03:00" level=info msg=ConnectionClosed connectionID=22
time="2026-03-10T22:38:13+03:00" level=info msg=NewConnection DisableClientMultiStatements=false connectionID=23
time="2026-03-10T22:38:13+03:00" level=info msg=ConnectionClosed connectionID=23
time="2026-03-10T22:38:13+03:00" level=info msg=NewConnection DisableClientMultiStatements=false connectionID=24
time="2026-03-10T22:38:13+03:00" level=info msg=NewConnection DisableClientMultiStatements=false connectionID=25
time="2026-03-10T22:38:13+03:00" level=info msg=ConnectionClosed connectionID=24
time="2026-03-10T22:38:13+03:00" level=info msg=ConnectionClosed connectionID=25
time="2026-03-10T22:38:13+03:00" level=info msg=NewConnection DisableClientMultiStatements=false connectionID=26
time="2026-03-10T22:38:13+03:00" level=info msg=ConnectionClosed connectionID=26
time="2026-03-10T22:38:13+03:00" level=info msg=NewConnection DisableClientMultiStatements=false connectionID=27
time="2026-03-10T22:38:13+03:00" level=info msg=NewConnection DisableClientMultiStatements=false connectionID=28
time="2026-03-10T22:38:13+03:00" level=info msg=ConnectionClosed connectionID=27
time="2026-03-10T22:38:13+03:00" level=info msg=ConnectionClosed connectionID=28
time="2026-03-10T22:38:13+03:00" level=info msg=NewConnection DisableClientMultiStatements=false connectionID=29
time="2026-03-10T22:38:13+03:00" level=info msg=ConnectionClosed connectionID=29
time="2026-03-10T22:38:13+03:00" level=info msg=NewConnection DisableClientMultiStatements=false connectionID=30
time="2026-03-10T22:38:13+03:00" level=info msg=NewConnection DisableClientMultiStatements=false connectionID=31
time="2026-03-10T22:38:13+03:00" level=info msg=ConnectionClosed connectionID=30
time="2026-03-10T22:38:13+03:00" level=info msg=ConnectionClosed connectionID=31
time="2026-03-10T22:38:13+03:00" level=info msg=NewConnection DisableClientMultiStatements=false connectionID=32
time="2026-03-10T22:38:13+03:00" level=info msg=ConnectionClosed connectionID=32
time="2026-03-10T22:38:13+03:00" level=info msg=NewConnection DisableClientMultiStatements=false connectionID=33
time="2026-03-10T22:38:13+03:00" level=info msg=ConnectionClosed connectionID=33
time="2026-03-10T22:38:13+03:00" level=info msg=NewConnection DisableClientMultiStatements=false connectionID=34
time="2026-03-10T22:38:13+03:00" level=info msg=NewConnection DisableClientMultiStatements=false connectionID=35
time="2026-03-10T22:38:13+03:00" level=info msg=ConnectionClosed connectionID=34
time="2026-03-10T22:38:13+03:00" level=info msg=ConnectionClosed connectionID=35
time="2026-03-10T22:38:13+03:00" level=info msg=NewConnection DisableClientMultiStatements=false connectionID=36
time="2026-03-10T22:38:13+03:00" level=info msg=ConnectionClosed connectionID=36
time="2026-03-10T22:38:13+03:00" level=info msg=NewConnection DisableClientMultiStatements=false connectionID=37
time="2026-03-10T22:38:13+03:00" level=info msg=NewConnection DisableClientMultiStatements=false connectionID=38
time="2026-03-10T22:38:13+03:00" level=info msg=ConnectionClosed connectionID=37
time="2026-03-10T22:38:13+03:00" level=info msg=ConnectionClosed connectionID=38
time="2026-03-10T22:38:13+03:00" level=info msg=NewConnection DisableClientMultiStatements=false connectionID=39
time="2026-03-10T22:38:13+03:00" level=info msg=ConnectionClosed connectionID=39
time="2026-03-10T22:38:13+03:00" level=info msg=NewConnection DisableClientMultiStatements=false connectionID=40
time="2026-03-10T22:38:13+03:00" level=info msg=NewConnection DisableClientMultiStatements=false connectionID=41
time="2026-03-10T22:38:13+03:00" level=info msg=ConnectionClosed connectionID=40
time="2026-03-10T22:38:13+03:00" level=info msg=ConnectionClosed connectionID=41
time="2026-03-10T22:38:13+03:00" level=info msg=NewConnection DisableClientMultiStatements=false connectionID=42
time="2026-03-10T22:38:13+03:00" level=info msg=ConnectionClosed connectionID=42
time="2026-03-10T22:38:13+03:00" level=info msg=NewConnection DisableClientMultiStatements=false connectionID=43
time="2026-03-10T22:38:13+03:00" level=info msg=NewConnection DisableClientMultiStatements=false connectionID=44
time="2026-03-10T22:38:13+03:00" level=info msg=ConnectionClosed connectionID=43
time="2026-03-10T22:38:13+03:00" level=info msg=ConnectionClosed connectionID=44
time="2026-03-10T22:38:13+03:00" level=info msg=NewConnection DisableClientMultiStatements=false connectionID=45
time="2026-03-10T22:38:13+03:00" level=info msg=ConnectionClosed connectionID=45
time="2026-03-10T22:38:13+03:00" level=info msg=NewConnection DisableClientMultiStatements=false connectionID=46
time="2026-03-10T22:38:13+03:00" level=info msg=ConnectionClosed connectionID=46
time="2026-03-10T22:38:13+03:00" level=info msg=NewConnection DisableClientMultiStatements=false connectionID=47
time="2026-03-10T22:38:13+03:00" level=info msg=NewConnection DisableClientMultiStatements=false connectionID=48
time="2026-03-10T22:38:13+03:00" level=info msg=ConnectionClosed connectionID=47
time="2026-03-10T22:38:13+03:00" level=info msg=ConnectionClosed connectionID=48
time="2026-03-10T22:38:13+03:00" level=info msg=NewConnection DisableClientMultiStatements=false connectionID=49
time="2026-03-10T22:38:13+03:00" level=info msg=ConnectionClosed connectionID=49
time="2026-03-10T22:38:13+03:00" level=info msg=NewConnection DisableClientMultiStatements=false connectionID=50
time="2026-03-10T22:38:13+03:00" level=info msg=NewConnection DisableClientMultiStatements=false connectionID=51
time="2026-03-10T22:38:13+03:00" level=info msg=ConnectionClosed connectionID=50
time="2026-03-10T22:38:13+03:00" level=info msg=ConnectionClosed connectionID=51
time="2026-03-10T22:38:13+03:00" level=info msg=NewConnection DisableClientMultiStatements=false connectionID=52
time="2026-03-10T22:38:13+03:00" level=info msg=ConnectionClosed connectionID=52
time="2026-03-10T22:38:13+03:00" level=info msg=NewConnection DisableClientMultiStatements=false connectionID=53
time="2026-03-10T22:38:13+03:00" level=info msg=NewConnection DisableClientMultiStatements=false connectionID=54
time="2026-03-10T22:38:13+03:00" level=info msg=ConnectionClosed connectionID=53
time="2026-03-10T22:38:13+03:00" level=info msg=ConnectionClosed connectionID=54
time="2026-03-10T22:38:13+03:00" level=info msg=NewConnection DisableClientMultiStatements=false connectionID=55
time="2026-03-10T22:38:13+03:00" level=info msg=ConnectionClosed connectionID=55
time="2026-03-10T22:38:13+03:00" level=info msg=NewConnection DisableClientMultiStatements=false connectionID=56
time="2026-03-10T22:38:13+03:00" level=info msg=NewConnection DisableClientMultiStatements=false connectionID=57
time="2026-03-10T22:38:13+03:00" level=info msg=ConnectionClosed connectionID=56
time="2026-03-10T22:38:13+03:00" level=warning msg="error running query" connectTime="2026-03-10 22:38:13.415099 +0300 MSK m=+76.748656292" connectionDb=beads connectionID=57 error="nothing to commit" queryTime="2026-03-10 22:38:13.420397 +0300 MSK m=+76.753953959"
time="2026-03-10T22:38:13+03:00" level=info msg=ConnectionClosed connectionID=57
time="2026-03-10T22:38:13+03:00" level=info msg=NewConnection DisableClientMultiStatements=false connectionID=58
time="2026-03-10T22:38:13+03:00" level=info msg=ConnectionClosed connectionID=58
time="2026-03-10T22:38:13+03:00" level=info msg=NewConnection DisableClientMultiStatements=false connectionID=59
time="2026-03-10T22:38:13+03:00" level=info msg=NewConnection DisableClientMultiStatements=false connectionID=60
time="2026-03-10T22:38:13+03:00" level=info msg=ConnectionClosed connectionID=59
time="2026-03-10T22:38:13+03:00" level=info msg=ConnectionClosed connectionID=60
time="2026-03-10T22:38:13+03:00" level=info msg=NewConnection DisableClientMultiStatements=false connectionID=61
time="2026-03-10T22:38:13+03:00" level=info msg=ConnectionClosed connectionID=61
time="2026-03-10T22:38:13+03:00" level=info msg=NewConnection DisableClientMultiStatements=false connectionID=62
time="2026-03-10T22:38:13+03:00" level=info msg=NewConnection DisableClientMultiStatements=false connectionID=63
time="2026-03-10T22:38:13+03:00" level=info msg=ConnectionClosed connectionID=62
time="2026-03-10T22:38:13+03:00" level=info msg=ConnectionClosed connectionID=63
time="2026-03-10T22:38:13+03:00" level=info msg=NewConnection DisableClientMultiStatements=false connectionID=64
time="2026-03-10T22:38:13+03:00" level=info msg=ConnectionClosed connectionID=64
time="2026-03-10T22:38:13+03:00" level=info msg=NewConnection DisableClientMultiStatements=false connectionID=65
time="2026-03-10T22:38:13+03:00" level=info msg=NewConnection DisableClientMultiStatements=false connectionID=66
time="2026-03-10T22:38:13+03:00" level=info msg=ConnectionClosed connectionID=65
time="2026-03-10T22:38:13+03:00" level=info msg=ConnectionClosed connectionID=66
time="2026-03-10T22:38:13+03:00" level=info msg=NewConnection DisableClientMultiStatements=false connectionID=67
time="2026-03-10T22:38:13+03:00" level=info msg=ConnectionClosed connectionID=67
time="2026-03-10T22:38:13+03:00" level=info msg=NewConnection DisableClientMultiStatements=false connectionID=68
time="2026-03-10T22:38:13+03:00" level=info msg=NewConnection DisableClientMultiStatements=false connectionID=69
time="2026-03-10T22:38:13+03:00" level=info msg=ConnectionClosed connectionID=68
time="2026-03-10T22:38:13+03:00" level=info msg=ConnectionClosed connectionID=69
time="2026-03-10T22:38:13+03:00" level=info msg=NewConnection DisableClientMultiStatements=false connectionID=70
time="2026-03-10T22:38:13+03:00" level=info msg=ConnectionClosed connectionID=70
time="2026-03-10T22:38:13+03:00" level=info msg=NewConnection DisableClientMultiStatements=false connectionID=71
time="2026-03-10T22:38:13+03:00" level=info msg=NewConnection DisableClientMultiStatements=false connectionID=72
time="2026-03-10T22:38:13+03:00" level=info msg=ConnectionClosed connectionID=71
time="2026-03-10T22:38:13+03:00" level=info msg=ConnectionClosed connectionID=72
time="2026-03-10T22:38:13+03:00" level=info msg=NewConnection DisableClientMultiStatements=false connectionID=73
time="2026-03-10T22:38:13+03:00" level=info msg=ConnectionClosed connectionID=73
time="2026-03-10T22:38:13+03:00" level=info msg=NewConnection DisableClientMultiStatements=false connectionID=74
time="2026-03-10T22:38:13+03:00" level=info msg=NewConnection DisableClientMultiStatements=false connectionID=75
time="2026-03-10T22:38:13+03:00" level=info msg=ConnectionClosed connectionID=74
time="2026-03-10T22:38:13+03:00" level=info msg=ConnectionClosed connectionID=75
time="2026-03-10T22:38:13+03:00" level=info msg=NewConnection DisableClientMultiStatements=false connectionID=76
time="2026-03-10T22:38:13+03:00" level=info msg=ConnectionClosed connectionID=76
time="2026-03-10T22:38:13+03:00" level=info msg=NewConnection DisableClientMultiStatements=false connectionID=77
time="2026-03-10T22:38:13+03:00" level=info msg=NewConnection DisableClientMultiStatements=false connectionID=78
time="2026-03-10T22:38:13+03:00" level=info msg=ConnectionClosed connectionID=77
time="2026-03-10T22:38:13+03:00" level=info msg=ConnectionClosed connectionID=78
time="2026-03-10T22:38:13+03:00" level=info msg=NewConnection DisableClientMultiStatements=false connectionID=79
time="2026-03-10T22:38:13+03:00" level=info msg=ConnectionClosed connectionID=79
time="2026-03-10T22:38:13+03:00" level=info msg=NewConnection DisableClientMultiStatements=false connectionID=80
time="2026-03-10T22:38:13+03:00" level=info msg=NewConnection DisableClientMultiStatements=false connectionID=81
time="2026-03-10T22:38:13+03:00" level=info msg=ConnectionClosed connectionID=80
time="2026-03-10T22:38:13+03:00" level=info msg=ConnectionClosed connectionID=81
time="2026-03-10T22:38:13+03:00" level=info msg=NewConnection DisableClientMultiStatements=false connectionID=82
time="2026-03-10T22:38:13+03:00" level=info msg=ConnectionClosed connectionID=82
time="2026-03-10T22:38:13+03:00" level=info msg=NewConnection DisableClientMultiStatements=false connectionID=83
time="2026-03-10T22:38:13+03:00" level=info msg=NewConnection DisableClientMultiStatements=false connectionID=84
time="2026-03-10T22:38:13+03:00" level=info msg=ConnectionClosed connectionID=83
time="2026-03-10T22:38:13+03:00" level=warning msg="error running query" connectTime="2026-03-10 22:38:13.511394 +0300 MSK m=+76.844951209" connectionDb=beads connectionID=84 error="nothing to commit" queryTime="2026-03-10 22:38:13.516506 +0300 MSK m=+76.850062834"
time="2026-03-10T22:38:13+03:00" level=info msg=ConnectionClosed connectionID=84
time="2026-03-10T22:38:13+03:00" level=info msg=NewConnection DisableClientMultiStatements=false connectionID=85
time="2026-03-10T22:38:13+03:00" level=info msg=ConnectionClosed connectionID=85
time="2026-03-10T22:38:13+03:00" level=info msg=NewConnection DisableClientMultiStatements=false connectionID=86
time="2026-03-10T22:38:13+03:00" level=info msg=ConnectionClosed connectionID=86
time="2026-03-10T22:38:13+03:00" level=info msg=NewConnection DisableClientMultiStatements=false connectionID=87
time="2026-03-10T22:38:13+03:00" level=info msg=NewConnection DisableClientMultiStatements=false connectionID=88
time="2026-03-10T22:38:13+03:00" level=info msg=ConnectionClosed connectionID=87
time="2026-03-10T22:38:13+03:00" level=info msg=ConnectionClosed connectionID=88
time="2026-03-10T23:07:05+03:00" level=info msg=NewConnection DisableClientMultiStatements=false connectionID=89
time="2026-03-10T23:07:05+03:00" level=info msg="Server closing listener. No longer accepting connections."
time="2026-03-10T23:07:05+03:00" level=info msg=ConnectionClosed connectionID=89
time="2026-03-10T23:07:05+03:00" level=info msg="stats stopped: context canceled"
Starting server with Config HP="127.0.0.1:13508"|T="28800000"|R="false"|L="info"
time="2026-03-11T10:16:06+03:00" level=info msg="Server ready. Accepting connections."
time="2026-03-11T10:16:06+03:00" level=warning msg="secure_file_priv is set to \"\", which is insecure."
time="2026-03-11T10:16:06+03:00" level=warning msg="Any user with GRANT FILE privileges will be able to read any file which the sql-server process can read."
time="2026-03-11T10:16:06+03:00" level=warning msg="Please consider restarting the server with secure_file_priv set to a safe (or non-existent) directory."
time="2026-03-11T10:16:06+03:00" level=info msg=NewConnection DisableClientMultiStatements=false connectionID=1
time="2026-03-11T10:16:06+03:00" level=info msg=ConnectionClosed connectionID=1
time="2026-03-11T10:16:06+03:00" level=info msg=NewConnection DisableClientMultiStatements=false connectionID=2
time="2026-03-11T10:16:06+03:00" level=info msg=ConnectionClosed connectionID=2
time="2026-03-11T10:16:06+03:00" level=info msg=NewConnection DisableClientMultiStatements=false connectionID=3
time="2026-03-11T10:16:06+03:00" level=info msg=NewConnection DisableClientMultiStatements=false connectionID=4
time="2026-03-11T10:16:06+03:00" level=info msg=ConnectionClosed connectionID=3
time="2026-03-11T10:16:06+03:00" level=info msg=ConnectionClosed connectionID=4
time="2026-03-11T10:19:04+03:00" level=info msg=NewConnection DisableClientMultiStatements=false connectionID=5
time="2026-03-11T10:19:04+03:00" level=info msg=ConnectionClosed connectionID=5
time="2026-03-11T10:19:04+03:00" level=info msg=NewConnection DisableClientMultiStatements=false connectionID=6
time="2026-03-11T10:19:04+03:00" level=info msg=NewConnection DisableClientMultiStatements=false connectionID=7
time="2026-03-11T10:19:04+03:00" level=info msg=ConnectionClosed connectionID=6
time="2026-03-11T10:19:04+03:00" level=info msg=ConnectionClosed connectionID=7
time="2026-03-11T10:19:04+03:00" level=info msg=NewConnection DisableClientMultiStatements=false connectionID=8
time="2026-03-11T10:19:04+03:00" level=info msg=ConnectionClosed connectionID=8
time="2026-03-11T10:19:04+03:00" level=info msg=NewConnection DisableClientMultiStatements=false connectionID=9
time="2026-03-11T10:19:04+03:00" level=info msg=NewConnection DisableClientMultiStatements=false connectionID=10
time="2026-03-11T10:19:04+03:00" level=info msg=ConnectionClosed connectionID=9
time="2026-03-11T10:19:04+03:00" level=info msg=ConnectionClosed connectionID=10
time="2026-03-11T10:19:04+03:00" level=info msg=NewConnection DisableClientMultiStatements=false connectionID=11
time="2026-03-11T10:19:04+03:00" level=info msg=ConnectionClosed connectionID=11
time="2026-03-11T10:19:04+03:00" level=info msg=NewConnection DisableClientMultiStatements=false connectionID=12
time="2026-03-11T10:19:04+03:00" level=info msg=NewConnection DisableClientMultiStatements=false connectionID=13
time="2026-03-11T10:19:04+03:00" level=info msg=ConnectionClosed connectionID=12
time="2026-03-11T10:19:04+03:00" level=info msg=ConnectionClosed connectionID=13
time="2026-03-11T10:19:04+03:00" level=info msg=NewConnection DisableClientMultiStatements=false connectionID=14
time="2026-03-11T10:19:04+03:00" level=info msg=ConnectionClosed connectionID=14
time="2026-03-11T10:19:04+03:00" level=info msg=NewConnection DisableClientMultiStatements=false connectionID=15
time="2026-03-11T10:19:04+03:00" level=info msg=NewConnection DisableClientMultiStatements=false connectionID=16
time="2026-03-11T10:19:04+03:00" level=info msg=ConnectionClosed connectionID=15
time="2026-03-11T10:19:04+03:00" level=info msg=ConnectionClosed connectionID=16
time="2026-03-11T10:19:04+03:00" level=info msg=NewConnection DisableClientMultiStatements=false connectionID=17
time="2026-03-11T10:19:04+03:00" level=info msg=ConnectionClosed connectionID=17
time="2026-03-11T10:19:04+03:00" level=info msg=NewConnection DisableClientMultiStatements=false connectionID=18
time="2026-03-11T10:19:04+03:00" level=info msg=NewConnection DisableClientMultiStatements=false connectionID=19
time="2026-03-11T10:19:04+03:00" level=info msg=ConnectionClosed connectionID=18
time="2026-03-11T10:19:04+03:00" level=info msg=ConnectionClosed connectionID=19
time="2026-03-11T10:19:05+03:00" level=info msg=NewConnection DisableClientMultiStatements=false connectionID=20
time="2026-03-11T10:19:05+03:00" level=info msg=ConnectionClosed connectionID=20
time="2026-03-11T10:19:05+03:00" level=info msg=NewConnection DisableClientMultiStatements=false connectionID=21
time="2026-03-11T10:19:05+03:00" level=info msg=NewConnection DisableClientMultiStatements=false connectionID=22
time="2026-03-11T10:19:05+03:00" level=info msg=ConnectionClosed connectionID=21
time="2026-03-11T10:19:05+03:00" level=info msg=ConnectionClosed connectionID=22
time="2026-03-11T10:19:05+03:00" level=info msg=NewConnection DisableClientMultiStatements=false connectionID=23
time="2026-03-11T10:19:05+03:00" level=info msg=ConnectionClosed connectionID=23
time="2026-03-11T10:19:05+03:00" level=info msg=NewConnection DisableClientMultiStatements=false connectionID=24
time="2026-03-11T10:19:05+03:00" level=info msg=ConnectionClosed connectionID=24
time="2026-03-11T10:19:05+03:00" level=info msg=NewConnection DisableClientMultiStatements=false connectionID=25
time="2026-03-11T10:19:05+03:00" level=info msg=NewConnection DisableClientMultiStatements=false connectionID=26
time="2026-03-11T10:19:05+03:00" level=info msg=ConnectionClosed connectionID=25
time="2026-03-11T10:19:05+03:00" level=info msg=ConnectionClosed connectionID=26
time="2026-03-11T10:19:05+03:00" level=info msg=NewConnection DisableClientMultiStatements=false connectionID=27
time="2026-03-11T10:19:05+03:00" level=info msg=ConnectionClosed connectionID=27
time="2026-03-11T10:19:05+03:00" level=info msg=NewConnection DisableClientMultiStatements=false connectionID=28
time="2026-03-11T10:19:05+03:00" level=info msg=NewConnection DisableClientMultiStatements=false connectionID=29
time="2026-03-11T10:19:05+03:00" level=info msg=ConnectionClosed connectionID=28
time="2026-03-11T10:19:05+03:00" level=info msg=ConnectionClosed connectionID=29
time="2026-03-11T10:19:05+03:00" level=info msg=NewConnection DisableClientMultiStatements=false connectionID=30
time="2026-03-11T10:19:05+03:00" level=info msg=ConnectionClosed connectionID=30
time="2026-03-11T10:19:05+03:00" level=info msg=NewConnection DisableClientMultiStatements=false connectionID=31
time="2026-03-11T10:19:05+03:00" level=info msg=NewConnection DisableClientMultiStatements=false connectionID=32
time="2026-03-11T10:19:05+03:00" level=info msg=ConnectionClosed connectionID=31
time="2026-03-11T10:19:05+03:00" level=info msg=ConnectionClosed connectionID=32
time="2026-03-11T10:19:05+03:00" level=info msg=NewConnection DisableClientMultiStatements=false connectionID=33
time="2026-03-11T10:19:05+03:00" level=info msg=ConnectionClosed connectionID=33
time="2026-03-11T10:19:05+03:00" level=info msg=NewConnection DisableClientMultiStatements=false connectionID=34
time="2026-03-11T10:19:05+03:00" level=info msg=NewConnection DisableClientMultiStatements=false connectionID=35
time="2026-03-11T10:19:05+03:00" level=info msg=ConnectionClosed connectionID=34
time="2026-03-11T10:19:05+03:00" level=info msg=ConnectionClosed connectionID=35
time="2026-03-11T10:19:05+03:00" level=info msg=NewConnection DisableClientMultiStatements=false connectionID=36
time="2026-03-11T10:19:05+03:00" level=info msg=ConnectionClosed connectionID=36
time="2026-03-11T10:19:05+03:00" level=info msg=NewConnection DisableClientMultiStatements=false connectionID=37
time="2026-03-11T10:19:05+03:00" level=info msg=ConnectionClosed connectionID=37
time="2026-03-11T10:19:05+03:00" level=info msg=NewConnection DisableClientMultiStatements=false connectionID=38
time="2026-03-11T10:19:05+03:00" level=info msg=NewConnection DisableClientMultiStatements=false connectionID=39
time="2026-03-11T10:19:05+03:00" level=info msg=ConnectionClosed connectionID=38
time="2026-03-11T10:19:05+03:00" level=info msg=ConnectionClosed connectionID=39
time="2026-03-11T10:19:05+03:00" level=info msg=NewConnection DisableClientMultiStatements=false connectionID=40
time="2026-03-11T10:19:05+03:00" level=info msg=ConnectionClosed connectionID=40
time="2026-03-11T10:19:05+03:00" level=info msg=NewConnection DisableClientMultiStatements=false connectionID=41
time="2026-03-11T10:19:05+03:00" level=info msg=NewConnection DisableClientMultiStatements=false connectionID=42
time="2026-03-11T10:19:05+03:00" level=info msg=ConnectionClosed connectionID=41
time="2026-03-11T10:19:05+03:00" level=info msg=ConnectionClosed connectionID=42
time="2026-03-11T10:19:05+03:00" level=info msg=NewConnection DisableClientMultiStatements=false connectionID=43
time="2026-03-11T10:19:05+03:00" level=info msg=ConnectionClosed connectionID=43
time="2026-03-11T10:19:05+03:00" level=info msg=NewConnection DisableClientMultiStatements=false connectionID=44
time="2026-03-11T10:19:05+03:00" level=info msg=NewConnection DisableClientMultiStatements=false connectionID=45
time="2026-03-11T10:19:05+03:00" level=info msg=ConnectionClosed connectionID=44
time="2026-03-11T10:19:05+03:00" level=info msg=ConnectionClosed connectionID=45
time="2026-03-11T10:19:05+03:00" level=info msg=NewConnection DisableClientMultiStatements=false connectionID=46
time="2026-03-11T10:19:05+03:00" level=info msg=ConnectionClosed connectionID=46
time="2026-03-11T10:19:05+03:00" level=info msg=NewConnection DisableClientMultiStatements=false connectionID=47
time="2026-03-11T10:19:05+03:00" level=info msg=NewConnection DisableClientMultiStatements=false connectionID=48
time="2026-03-11T10:19:05+03:00" level=info msg=ConnectionClosed connectionID=47
time="2026-03-11T10:19:05+03:00" level=warning msg="error running query" connectTime="2026-03-11 10:19:05.179462 +0300 MSK m=+178.779786876" connectionDb=beads connectionID=48 error="nothing to commit" queryTime="2026-03-11 10:19:05.192161 +0300 MSK m=+178.792485292"
time="2026-03-11T10:19:05+03:00" level=info msg=ConnectionClosed connectionID=48
time="2026-03-11T10:19:05+03:00" level=info msg=NewConnection DisableClientMultiStatements=false connectionID=49
time="2026-03-11T10:19:05+03:00" level=info msg=ConnectionClosed connectionID=49
time="2026-03-11T10:19:05+03:00" level=info msg=NewConnection DisableClientMultiStatements=false connectionID=50
time="2026-03-11T10:19:05+03:00" level=info msg=NewConnection DisableClientMultiStatements=false connectionID=51
time="2026-03-11T10:19:05+03:00" level=info msg=ConnectionClosed connectionID=50
time="2026-03-11T10:19:05+03:00" level=info msg=ConnectionClosed connectionID=51
time="2026-03-11T10:19:05+03:00" level=info msg=NewConnection DisableClientMultiStatements=false connectionID=52
time="2026-03-11T10:19:05+03:00" level=info msg=ConnectionClosed connectionID=52
time="2026-03-11T10:19:05+03:00" level=info msg=NewConnection DisableClientMultiStatements=false connectionID=53
time="2026-03-11T10:19:05+03:00" level=info msg=NewConnection DisableClientMultiStatements=false connectionID=54
time="2026-03-11T10:19:05+03:00" level=info msg=ConnectionClosed connectionID=53
time="2026-03-11T10:19:05+03:00" level=info msg=ConnectionClosed connectionID=54
time="2026-03-11T10:19:05+03:00" level=info msg=NewConnection DisableClientMultiStatements=false connectionID=55
time="2026-03-11T10:19:05+03:00" level=info msg=ConnectionClosed connectionID=55
time="2026-03-11T10:19:05+03:00" level=info msg=NewConnection DisableClientMultiStatements=false connectionID=56
time="2026-03-11T10:19:05+03:00" level=info msg=NewConnection DisableClientMultiStatements=false connectionID=57
time="2026-03-11T10:19:05+03:00" level=info msg=ConnectionClosed connectionID=56
time="2026-03-11T10:19:05+03:00" level=info msg=ConnectionClosed connectionID=57
time="2026-03-11T10:19:05+03:00" level=info msg=NewConnection DisableClientMultiStatements=false connectionID=58
time="2026-03-11T10:19:05+03:00" level=info msg=ConnectionClosed connectionID=58
time="2026-03-11T10:19:05+03:00" level=info msg=NewConnection DisableClientMultiStatements=false connectionID=59
time="2026-03-11T10:19:05+03:00" level=info msg=NewConnection DisableClientMultiStatements=false connectionID=60
time="2026-03-11T10:19:05+03:00" level=info msg=ConnectionClosed connectionID=59
time="2026-03-11T10:19:05+03:00" level=info msg=ConnectionClosed connectionID=60
time="2026-03-11T10:19:05+03:00" level=info msg=NewConnection DisableClientMultiStatements=false connectionID=61
time="2026-03-11T10:19:05+03:00" level=info msg=ConnectionClosed connectionID=61
time="2026-03-11T10:19:05+03:00" level=info msg=NewConnection DisableClientMultiStatements=false connectionID=62
time="2026-03-11T10:19:05+03:00" level=info msg=NewConnection DisableClientMultiStatements=false connectionID=63
time="2026-03-11T10:19:05+03:00" level=info msg=ConnectionClosed connectionID=62
time="2026-03-11T10:19:05+03:00" level=info msg=ConnectionClosed connectionID=63
time="2026-03-11T10:19:05+03:00" level=info msg=NewConnection DisableClientMultiStatements=false connectionID=64
time="2026-03-11T10:19:05+03:00" level=info msg=ConnectionClosed connectionID=64
time="2026-03-11T10:19:05+03:00" level=info msg=NewConnection DisableClientMultiStatements=false connectionID=65
time="2026-03-11T10:19:05+03:00" level=info msg=NewConnection DisableClientMultiStatements=false connectionID=66
time="2026-03-11T10:19:05+03:00" level=info msg=ConnectionClosed connectionID=65
time="2026-03-11T10:19:05+03:00" level=info msg=ConnectionClosed connectionID=66
time="2026-03-11T10:19:05+03:00" level=info msg=NewConnection DisableClientMultiStatements=false connectionID=67
time="2026-03-11T10:19:05+03:00" level=info msg=ConnectionClosed connectionID=67
time="2026-03-11T10:19:05+03:00" level=info msg=NewConnection DisableClientMultiStatements=false connectionID=68
time="2026-03-11T10:19:05+03:00" level=info msg=NewConnection DisableClientMultiStatements=false connectionID=69
time="2026-03-11T10:19:05+03:00" level=info msg=ConnectionClosed connectionID=68
time="2026-03-11T10:19:05+03:00" level=info msg=ConnectionClosed connectionID=69
time="2026-03-11T10:19:05+03:00" level=info msg=NewConnection DisableClientMultiStatements=false connectionID=70
time="2026-03-11T10:19:05+03:00" level=info msg=ConnectionClosed connectionID=70
time="2026-03-11T10:19:05+03:00" level=info msg=NewConnection DisableClientMultiStatements=false connectionID=71
time="2026-03-11T10:19:05+03:00" level=info msg=NewConnection DisableClientMultiStatements=false connectionID=72
time="2026-03-11T10:19:05+03:00" level=info msg=ConnectionClosed connectionID=71
time="2026-03-11T10:19:05+03:00" level=info msg=ConnectionClosed connectionID=72
time="2026-03-11T10:19:05+03:00" level=info msg=NewConnection DisableClientMultiStatements=false connectionID=73
time="2026-03-11T10:19:05+03:00" level=info msg=ConnectionClosed connectionID=73
time="2026-03-11T10:19:05+03:00" level=info msg=NewConnection DisableClientMultiStatements=false connectionID=74
time="2026-03-11T10:19:05+03:00" level=info msg=NewConnection DisableClientMultiStatements=false connectionID=75
time="2026-03-11T10:19:05+03:00" level=info msg=ConnectionClosed connectionID=74
time="2026-03-11T10:19:05+03:00" level=warning msg="error running query" connectTime="2026-03-11 10:19:05.410623 +0300 MSK m=+179.010947001" connectionDb=beads connectionID=75 error="nothing to commit" queryTime="2026-03-11 10:19:05.420163 +0300 MSK m=+179.020487542"
time="2026-03-11T10:19:05+03:00" level=info msg=ConnectionClosed connectionID=75
time="2026-03-11T10:19:05+03:00" level=info msg=NewConnection DisableClientMultiStatements=false connectionID=76
time="2026-03-11T10:19:05+03:00" level=info msg=ConnectionClosed connectionID=76
time="2026-03-11T10:19:05+03:00" level=info msg=NewConnection DisableClientMultiStatements=false connectionID=77
time="2026-03-11T10:19:05+03:00" level=info msg=ConnectionClosed connectionID=77
time="2026-03-11T10:19:05+03:00" level=info msg=NewConnection DisableClientMultiStatements=false connectionID=78
time="2026-03-11T10:19:05+03:00" level=info msg=NewConnection DisableClientMultiStatements=false connectionID=79
time="2026-03-11T10:19:05+03:00" level=info msg=ConnectionClosed connectionID=78
time="2026-03-11T10:19:05+03:00" level=info msg=ConnectionClosed connectionID=79
time="2026-03-11T10:24:04+03:00" level=info msg=NewConnection DisableClientMultiStatements=false connectionID=80
time="2026-03-11T10:24:04+03:00" level=info msg=ConnectionClosed connectionID=80
time="2026-03-11T10:24:04+03:00" level=info msg=NewConnection DisableClientMultiStatements=false connectionID=81
time="2026-03-11T10:24:04+03:00" level=info msg=NewConnection DisableClientMultiStatements=false connectionID=82
time="2026-03-11T10:24:04+03:00" level=info msg=ConnectionClosed connectionID=81
time="2026-03-11T10:24:04+03:00" level=warning msg="error running query" connectTime="2026-03-11 10:24:04.202292 +0300 MSK m=+394.045454001" connectionDb=beads connectionID=82 error="nothing to commit" queryTime="2026-03-11 10:24:04.212659 +0300 MSK m=+394.055821542"
time="2026-03-11T10:24:04+03:00" level=info msg=ConnectionClosed connectionID=82
time="2026-03-11T10:24:04+03:00" level=info msg=NewConnection DisableClientMultiStatements=false connectionID=83
time="2026-03-11T10:24:04+03:00" level=info msg=ConnectionClosed connectionID=83
time="2026-03-11T10:24:04+03:00" level=info msg=NewConnection DisableClientMultiStatements=false connectionID=84
time="2026-03-11T10:24:04+03:00" level=info msg=NewConnection DisableClientMultiStatements=false connectionID=85
time="2026-03-11T10:24:04+03:00" level=info msg=ConnectionClosed connectionID=84
time="2026-03-11T10:24:04+03:00" level=warning msg="error running query" connectTime="2026-03-11 10:24:04.487204 +0300 MSK m=+394.330366584" connectionDb=beads connectionID=85 error="nothing to commit" queryTime="2026-03-11 10:24:04.498766 +0300 MSK m=+394.341928167"
time="2026-03-11T10:24:05+03:00" level=warning msg="error running query" connectTime="2026-03-11 10:24:04.487204 +0300 MSK m=+394.330366584" connectionDb=beads connectionID=85 error="nothing to commit" queryTime="2026-03-11 10:24:05.060323 +0300 MSK m=+394.903485667"
time="2026-03-11T10:24:05+03:00" level=info msg=ConnectionClosed connectionID=85
time="2026-03-11T10:24:05+03:00" level=info msg=NewConnection DisableClientMultiStatements=false connectionID=86
time="2026-03-11T10:24:05+03:00" level=info msg=ConnectionClosed connectionID=86
time="2026-03-11T10:24:05+03:00" level=info msg=NewConnection DisableClientMultiStatements=false connectionID=87
time="2026-03-11T10:24:05+03:00" level=info msg=NewConnection DisableClientMultiStatements=false connectionID=88
time="2026-03-11T10:24:05+03:00" level=info msg=ConnectionClosed connectionID=87
time="2026-03-11T10:24:05+03:00" level=info msg=ConnectionClosed connectionID=88
time="2026-03-11T10:24:05+03:00" level=info msg=NewConnection DisableClientMultiStatements=false connectionID=89
time="2026-03-11T10:24:05+03:00" level=info msg=ConnectionClosed connectionID=89
time="2026-03-11T10:24:05+03:00" level=info msg=NewConnection DisableClientMultiStatements=false connectionID=90
time="2026-03-11T10:24:05+03:00" level=info msg=NewConnection DisableClientMultiStatements=false connectionID=91
time="2026-03-11T10:24:05+03:00" level=info msg=ConnectionClosed connectionID=90
time="2026-03-11T10:24:05+03:00" level=info msg=ConnectionClosed connectionID=91
time="2026-03-11T10:24:06+03:00" level=info msg=NewConnection DisableClientMultiStatements=false connectionID=92
time="2026-03-11T10:24:06+03:00" level=info msg=ConnectionClosed connectionID=92
time="2026-03-11T10:24:06+03:00" level=info msg=NewConnection DisableClientMultiStatements=false connectionID=93
time="2026-03-11T10:24:06+03:00" level=info msg=NewConnection DisableClientMultiStatements=false connectionID=94
time="2026-03-11T10:24:06+03:00" level=info msg=ConnectionClosed connectionID=93
time="2026-03-11T10:24:06+03:00" level=info msg=ConnectionClosed connectionID=94
time="2026-03-11T10:24:17+03:00" level=info msg=NewConnection DisableClientMultiStatements=false connectionID=95
time="2026-03-11T10:24:17+03:00" level=info msg=ConnectionClosed connectionID=95
time="2026-03-11T10:24:17+03:00" level=info msg=NewConnection DisableClientMultiStatements=false connectionID=96
time="2026-03-11T10:24:17+03:00" level=info msg=NewConnection DisableClientMultiStatements=false connectionID=97
time="2026-03-11T10:24:17+03:00" level=info msg=ConnectionClosed connectionID=96
time="2026-03-11T10:24:17+03:00" level=info msg=ConnectionClosed connectionID=97
time="2026-03-11T10:24:17+03:00" level=info msg=NewConnection DisableClientMultiStatements=false connectionID=99
time="2026-03-11T10:24:17+03:00" level=info msg=NewConnection DisableClientMultiStatements=false connectionID=98
time="2026-03-11T10:24:17+03:00" level=info msg=ConnectionClosed connectionID=99
time="2026-03-11T10:24:17+03:00" level=info msg=ConnectionClosed connectionID=98
time="2026-03-11T10:24:17+03:00" level=info msg=NewConnection DisableClientMultiStatements=false connectionID=100
time="2026-03-11T10:24:17+03:00" level=info msg=NewConnection DisableClientMultiStatements=false connectionID=101
time="2026-03-11T10:24:17+03:00" level=info msg=NewConnection DisableClientMultiStatements=false connectionID=103
time="2026-03-11T10:24:17+03:00" level=info msg=NewConnection DisableClientMultiStatements=false connectionID=102
time="2026-03-11T10:24:17+03:00" level=info msg=ConnectionClosed connectionID=101
time="2026-03-11T10:24:17+03:00" level=info msg=ConnectionClosed connectionID=100
time="2026-03-11T10:24:17+03:00" level=info msg=ConnectionClosed connectionID=103
time="2026-03-11T10:24:17+03:00" level=info msg=ConnectionClosed connectionID=102
time="2026-03-11T10:24:43+03:00" level=info msg=NewConnection DisableClientMultiStatements=false connectionID=104
time="2026-03-11T10:24:43+03:00" level=info msg=ConnectionClosed connectionID=104
time="2026-03-11T10:24:43+03:00" level=info msg=NewConnection DisableClientMultiStatements=false connectionID=105
time="2026-03-11T10:24:43+03:00" level=info msg=NewConnection DisableClientMultiStatements=false connectionID=106
time="2026-03-11T10:24:43+03:00" level=info msg=ConnectionClosed connectionID=105
time="2026-03-11T10:24:43+03:00" level=warning msg="error running query" connectTime="2026-03-11 10:24:43.125045 +0300 MSK m=+432.968201667" connectionDb=beads connectionID=106 error="nothing to commit" queryTime="2026-03-11 10:24:43.1342 +0300 MSK m=+432.977356542"
time="2026-03-11T10:24:43+03:00" level=info msg=ConnectionClosed connectionID=106
time="2026-03-11T10:31:53+03:00" level=info msg=NewConnection DisableClientMultiStatements=false connectionID=107
time="2026-03-11T10:31:53+03:00" level=info msg=ConnectionClosed connectionID=107
time="2026-03-11T10:31:53+03:00" level=info msg=NewConnection DisableClientMultiStatements=false connectionID=108
time="2026-03-11T10:31:53+03:00" level=info msg=NewConnection DisableClientMultiStatements=false connectionID=109
time="2026-03-11T10:31:53+03:00" level=info msg=ConnectionClosed connectionID=108
time="2026-03-11T10:31:53+03:00" level=warning msg="error running query" connectTime="2026-03-11 10:31:53.980981 +0300 MSK m=+863.824073834" connectionDb=beads connectionID=109 error="nothing to commit" queryTime="2026-03-11 10:31:53.989078 +0300 MSK m=+863.832170334"
time="2026-03-11T10:31:54+03:00" level=info msg=NewConnection DisableClientMultiStatements=false connectionID=110
time="2026-03-11T10:31:54+03:00" level=info msg=ConnectionClosed connectionID=110
time="2026-03-11T10:31:54+03:00" level=info msg=NewConnection DisableClientMultiStatements=false connectionID=111
time="2026-03-11T10:31:54+03:00" level=info msg=NewConnection DisableClientMultiStatements=false connectionID=112
time="2026-03-11T10:31:54+03:00" level=info msg=ConnectionClosed connectionID=111
time="2026-03-11T10:31:54+03:00" level=info msg=ConnectionClosed connectionID=109
time="2026-03-11T10:31:54+03:00" level=info msg=ConnectionClosed connectionID=112
time="2026-03-11T10:46:32+03:00" level=info msg=NewConnection DisableClientMultiStatements=false connectionID=113
time="2026-03-11T10:46:32+03:00" level=info msg=ConnectionClosed connectionID=113
time="2026-03-11T10:46:32+03:00" level=info msg="Server closing listener. No longer accepting connections."
time="2026-03-11T10:46:32+03:00" level=info msg="stats stopped: context canceled"
Starting server with Config HP="127.0.0.1:13508"|T="28800000"|R="false"|L="info"
time="2026-03-11T11:58:10+03:00" level=info msg="Server ready. Accepting connections."
time="2026-03-11T11:58:10+03:00" level=warning msg="secure_file_priv is set to \"\", which is insecure."
time="2026-03-11T11:58:10+03:00" level=warning msg="Any user with GRANT FILE privileges will be able to read any file which the sql-server process can read."
time="2026-03-11T11:58:10+03:00" level=warning msg="Please consider restarting the server with secure_file_priv set to a safe (or non-existent) directory."
time="2026-03-11T11:58:10+03:00" level=info msg=NewConnection DisableClientMultiStatements=false connectionID=1
time="2026-03-11T11:58:10+03:00" level=info msg=ConnectionClosed connectionID=1
time="2026-03-11T11:58:10+03:00" level=info msg=NewConnection DisableClientMultiStatements=false connectionID=2
time="2026-03-11T11:58:10+03:00" level=info msg=ConnectionClosed connectionID=2
time="2026-03-11T11:58:10+03:00" level=info msg=NewConnection DisableClientMultiStatements=false connectionID=3
time="2026-03-11T11:58:10+03:00" level=info msg=NewConnection DisableClientMultiStatements=false connectionID=4
time="2026-03-11T11:58:10+03:00" level=info msg=ConnectionClosed connectionID=3
time="2026-03-11T11:58:10+03:00" level=warning msg="error running query" connectTime="2026-03-11 11:58:10.847013 +0300 MSK m=+0.491502209" connectionDb=beads connectionID=4 error="nothing to commit" queryTime="2026-03-11 11:58:10.86903 +0300 MSK m=+0.513518751"
time="2026-03-11T11:58:10+03:00" level=info msg=ConnectionClosed connectionID=4
time="2026-03-11T11:58:14+03:00" level=info msg=NewConnection DisableClientMultiStatements=false connectionID=5
time="2026-03-11T11:58:14+03:00" level=info msg=ConnectionClosed connectionID=5
time="2026-03-11T11:58:14+03:00" level=info msg=NewConnection DisableClientMultiStatements=false connectionID=6
time="2026-03-11T11:58:14+03:00" level=info msg=NewConnection DisableClientMultiStatements=false connectionID=7
time="2026-03-11T11:58:14+03:00" level=info msg=ConnectionClosed connectionID=6
time="2026-03-11T11:58:14+03:00" level=info msg=ConnectionClosed connectionID=7
time="2026-03-11T12:03:12+03:00" level=info msg=NewConnection DisableClientMultiStatements=false connectionID=8
time="2026-03-11T12:03:12+03:00" level=info msg=ConnectionClosed connectionID=8
time="2026-03-11T12:03:12+03:00" level=info msg=NewConnection DisableClientMultiStatements=false connectionID=9
time="2026-03-11T12:03:12+03:00" level=info msg=NewConnection DisableClientMultiStatements=false connectionID=10
time="2026-03-11T12:03:12+03:00" level=info msg=ConnectionClosed connectionID=9
time="2026-03-11T12:03:12+03:00" level=warning msg="error running query" connectTime="2026-03-11 12:03:12.371094 +0300 MSK m=+302.015380626" connectionDb=beads connectionID=10 error="nothing to commit" queryTime="2026-03-11 12:03:12.380984 +0300 MSK m=+302.025270584"
time="2026-03-11T12:03:12+03:00" level=info msg=NewConnection DisableClientMultiStatements=false connectionID=11
time="2026-03-11T12:03:12+03:00" level=info msg=ConnectionClosed connectionID=11
time="2026-03-11T12:03:12+03:00" level=info msg=NewConnection DisableClientMultiStatements=false connectionID=12
time="2026-03-11T12:03:12+03:00" level=info msg=NewConnection DisableClientMultiStatements=false connectionID=13
time="2026-03-11T12:03:12+03:00" level=info msg=ConnectionClosed connectionID=12
time="2026-03-11T12:03:12+03:00" level=info msg=ConnectionClosed connectionID=10
time="2026-03-11T12:03:12+03:00" level=info msg=ConnectionClosed connectionID=13
time="2026-03-11T12:28:12+03:00" level=info msg=NewConnection DisableClientMultiStatements=false connectionID=14
time="2026-03-11T12:28:12+03:00" level=info msg=ConnectionClosed connectionID=14
time="2026-03-11T12:28:12+03:00" level=info msg="Server closing listener. No longer accepting connections."
time="2026-03-11T12:28:12+03:00" level=info msg="stats stopped: context canceled"
Starting server with Config HP="127.0.0.1:13508"|T="28800000"|R="false"|L="info"
time="2026-03-11T12:56:12+03:00" level=info msg="Server ready. Accepting connections."
time="2026-03-11T12:56:12+03:00" level=warning msg="secure_file_priv is set to \"\", which is insecure."
time="2026-03-11T12:56:12+03:00" level=warning msg="Any user with GRANT FILE privileges will be able to read any file which the sql-server process can read."
time="2026-03-11T12:56:12+03:00" level=warning msg="Please consider restarting the server with secure_file_priv set to a safe (or non-existent) directory."
time="2026-03-11T12:56:12+03:00" level=info msg=NewConnection DisableClientMultiStatements=false connectionID=1
time="2026-03-11T12:56:12+03:00" level=info msg=ConnectionClosed connectionID=1
time="2026-03-11T12:56:12+03:00" level=info msg=NewConnection DisableClientMultiStatements=false connectionID=2
time="2026-03-11T12:56:12+03:00" level=info msg=ConnectionClosed connectionID=2
time="2026-03-11T12:56:12+03:00" level=info msg=NewConnection DisableClientMultiStatements=false connectionID=3
time="2026-03-11T12:56:12+03:00" level=info msg=NewConnection DisableClientMultiStatements=false connectionID=4
time="2026-03-11T12:56:12+03:00" level=info msg=ConnectionClosed connectionID=3
time="2026-03-11T12:56:12+03:00" level=info msg=ConnectionClosed connectionID=4
time="2026-03-11T13:03:23+03:00" level=info msg=NewConnection DisableClientMultiStatements=false connectionID=5
time="2026-03-11T13:03:23+03:00" level=info msg=ConnectionClosed connectionID=5
time="2026-03-11T13:03:23+03:00" level=info msg=NewConnection DisableClientMultiStatements=false connectionID=6
time="2026-03-11T13:03:23+03:00" level=info msg=NewConnection DisableClientMultiStatements=false connectionID=7
time="2026-03-11T13:03:23+03:00" level=info msg=ConnectionClosed connectionID=6
time="2026-03-11T13:03:23+03:00" level=info msg=ConnectionClosed connectionID=7
time="2026-03-11T13:03:55+03:00" level=info msg=NewConnection DisableClientMultiStatements=false connectionID=8
time="2026-03-11T13:03:55+03:00" level=info msg=ConnectionClosed connectionID=8
time="2026-03-11T13:03:55+03:00" level=info msg=NewConnection DisableClientMultiStatements=false connectionID=9
time="2026-03-11T13:03:55+03:00" level=info msg=NewConnection DisableClientMultiStatements=false connectionID=10
time="2026-03-11T13:03:55+03:00" level=info msg=ConnectionClosed connectionID=9
time="2026-03-11T13:03:55+03:00" level=info msg=ConnectionClosed connectionID=10
time="2026-03-11T13:04:24+03:00" level=info msg=NewConnection DisableClientMultiStatements=false connectionID=11
time="2026-03-11T13:04:24+03:00" level=info msg=ConnectionClosed connectionID=11
time="2026-03-11T13:04:24+03:00" level=info msg=NewConnection DisableClientMultiStatements=false connectionID=12
time="2026-03-11T13:04:24+03:00" level=info msg=NewConnection DisableClientMultiStatements=false connectionID=13
time="2026-03-11T13:04:24+03:00" level=info msg=ConnectionClosed connectionID=12
time="2026-03-11T13:04:24+03:00" level=warning msg="error running query" connectTime="2026-03-11 13:04:24.527983 +0300 MSK m=+240.111752168" connectionDb=beads connectionID=13 error="nothing to commit" queryTime="2026-03-11 13:04:24.53791 +0300 MSK m=+240.121679376"
time="2026-03-11T13:04:24+03:00" level=info msg=ConnectionClosed connectionID=13
time="2026-03-11T13:04:39+03:00" level=info msg=NewConnection DisableClientMultiStatements=false connectionID=15
time="2026-03-11T13:04:39+03:00" level=info msg=NewConnection DisableClientMultiStatements=false connectionID=14
time="2026-03-11T13:04:39+03:00" level=info msg=ConnectionClosed connectionID=15
time="2026-03-11T13:04:39+03:00" level=info msg=ConnectionClosed connectionID=14
time="2026-03-11T13:04:39+03:00" level=info msg=NewConnection DisableClientMultiStatements=false connectionID=16
time="2026-03-11T13:04:39+03:00" level=info msg=NewConnection DisableClientMultiStatements=false connectionID=17
time="2026-03-11T13:04:39+03:00" level=info msg=NewConnection DisableClientMultiStatements=false connectionID=19
time="2026-03-11T13:04:39+03:00" level=info msg=NewConnection DisableClientMultiStatements=false connectionID=18
time="2026-03-11T13:04:39+03:00" level=info msg=ConnectionClosed connectionID=17
time="2026-03-11T13:04:39+03:00" level=info msg=ConnectionClosed connectionID=16
time="2026-03-11T13:04:39+03:00" level=info msg=NewConnection DisableClientMultiStatements=false connectionID=20
time="2026-03-11T13:04:39+03:00" level=info msg=NewConnection DisableClientMultiStatements=false connectionID=21
time="2026-03-11T13:04:39+03:00" level=info msg=ConnectionClosed connectionID=20
time="2026-03-11T13:04:39+03:00" level=info msg=ConnectionClosed connectionID=21
time="2026-03-11T13:04:39+03:00" level=info msg=NewConnection DisableClientMultiStatements=false connectionID=22
time="2026-03-11T13:04:39+03:00" level=info msg=NewConnection DisableClientMultiStatements=false connectionID=23
time="2026-03-11T13:04:39+03:00" level=warning msg="error running query" connectTime="2026-03-11 13:04:39.912312 +0300 MSK m=+255.496063293" connectionDb=beads connectionID=18 error="nothing to commit" queryTime="2026-03-11 13:04:39.92158 +0300 MSK m=+255.505331084"
time="2026-03-11T13:04:39+03:00" level=info msg=NewConnection DisableClientMultiStatements=false connectionID=24
time="2026-03-11T13:04:39+03:00" level=info msg=NewConnection DisableClientMultiStatements=false connectionID=25
time="2026-03-11T13:04:39+03:00" level=info msg=ConnectionClosed connectionID=22
time="2026-03-11T13:04:39+03:00" level=warning msg="error running query" connectTime="2026-03-11 13:04:39.912117 +0300 MSK m=+255.495867751" connectionDb=beads connectionID=19 error="nothing to commit" queryTime="2026-03-11 13:04:39.926231 +0300 MSK m=+255.509981626"
time="2026-03-11T13:04:39+03:00" level=info msg=ConnectionClosed connectionID=23
time="2026-03-11T13:04:39+03:00" level=warning msg="error running query" connectTime="2026-03-11 13:04:39.925886 +0300 MSK m=+255.509636959" connectionDb=beads connectionID=24 error="nothing to commit" queryTime="2026-03-11 13:04:39.935054 +0300 MSK m=+255.518805293"
time="2026-03-11T13:04:39+03:00" level=warning msg="error running query" connectTime="2026-03-11 13:04:39.926137 +0300 MSK m=+255.509887834" connectionDb=beads connectionID=25 error="nothing to commit" queryTime="2026-03-11 13:04:39.939524 +0300 MSK m=+255.523275293"
time="2026-03-11T13:04:40+03:00" level=warning msg="error running query" connectTime="2026-03-11 13:04:39.912117 +0300 MSK m=+255.495867751" connectionDb=beads connectionID=19 error="serialization failure: this transaction conflicts with a committed transaction from another client, try restarting transaction." queryTime="2026-03-11 13:04:40.057212 +0300 MSK m=+255.640962668"
time="2026-03-11T13:04:40+03:00" level=info msg=ConnectionClosed connectionID=19
time="2026-03-11T13:04:40+03:00" level=warning msg="error running query" connectTime="2026-03-11 13:04:39.925886 +0300 MSK m=+255.509636959" connectionDb=beads connectionID=24 error="serialization failure: this transaction conflicts with a committed transaction from another client, try restarting transaction." queryTime="2026-03-11 13:04:40.114933 +0300 MSK m=+255.698683293"
time="2026-03-11T13:04:40+03:00" level=info msg=ConnectionClosed connectionID=24
time="2026-03-11T13:04:40+03:00" level=info msg=ConnectionClosed connectionID=18
time="2026-03-11T13:04:40+03:00" level=info msg=ConnectionClosed connectionID=25
time="2026-03-11T13:04:51+03:00" level=info msg=NewConnection DisableClientMultiStatements=false connectionID=26
time="2026-03-11T13:04:51+03:00" level=info msg=ConnectionClosed connectionID=26
time="2026-03-11T13:04:51+03:00" level=info msg=NewConnection DisableClientMultiStatements=false connectionID=27
time="2026-03-11T13:04:51+03:00" level=info msg=NewConnection DisableClientMultiStatements=false connectionID=28
time="2026-03-11T13:04:51+03:00" level=info msg=ConnectionClosed connectionID=27
time="2026-03-11T13:04:51+03:00" level=warning msg="error running query" connectTime="2026-03-11 13:04:51.419372 +0300 MSK m=+267.003109418" connectionDb=beads connectionID=28 error="nothing to commit" queryTime="2026-03-11 13:04:51.427574 +0300 MSK m=+267.011311501"
time="2026-03-11T13:04:51+03:00" level=info msg=NewConnection DisableClientMultiStatements=false connectionID=29
time="2026-03-11T13:04:51+03:00" level=info msg=ConnectionClosed connectionID=29
time="2026-03-11T13:04:51+03:00" level=info msg=NewConnection DisableClientMultiStatements=false connectionID=30
time="2026-03-11T13:04:51+03:00" level=info msg=NewConnection DisableClientMultiStatements=false connectionID=31
time="2026-03-11T13:04:51+03:00" level=info msg=ConnectionClosed connectionID=30
time="2026-03-11T13:04:51+03:00" level=warning msg="error running query" connectTime="2026-03-11 13:04:51.44232 +0300 MSK m=+267.026057876" connectionDb=beads connectionID=31 error="nothing to commit" queryTime="2026-03-11 13:04:51.452423 +0300 MSK m=+267.036160876"
time="2026-03-11T13:04:51+03:00" level=info msg=ConnectionClosed connectionID=28
time="2026-03-11T13:04:51+03:00" level=info msg=ConnectionClosed connectionID=31
time="2026-03-11T13:05:02+03:00" level=info msg=NewConnection DisableClientMultiStatements=false connectionID=32
time="2026-03-11T13:05:02+03:00" level=info msg=ConnectionClosed connectionID=32
time="2026-03-11T13:05:02+03:00" level=info msg=NewConnection DisableClientMultiStatements=false connectionID=33
time="2026-03-11T13:05:02+03:00" level=info msg=NewConnection DisableClientMultiStatements=false connectionID=34
time="2026-03-11T13:05:02+03:00" level=info msg=ConnectionClosed connectionID=33
time="2026-03-11T13:05:02+03:00" level=warning msg="error running query" connectTime="2026-03-11 13:05:02.957391 +0300 MSK m=+278.541114709" connectionDb=beads connectionID=34 error="nothing to commit" queryTime="2026-03-11 13:05:02.964879 +0300 MSK m=+278.548602834"
time="2026-03-11T13:05:03+03:00" level=info msg=ConnectionClosed connectionID=34
time="2026-03-11T13:07:33+03:00" level=info msg=NewConnection DisableClientMultiStatements=false connectionID=35
time="2026-03-11T13:07:33+03:00" level=info msg=ConnectionClosed connectionID=35
time="2026-03-11T13:07:33+03:00" level=info msg=NewConnection DisableClientMultiStatements=false connectionID=36
time="2026-03-11T13:07:33+03:00" level=info msg=NewConnection DisableClientMultiStatements=false connectionID=37
time="2026-03-11T13:07:33+03:00" level=info msg=ConnectionClosed connectionID=36
time="2026-03-11T13:07:33+03:00" level=warning msg="error running query" connectTime="2026-03-11 13:07:33.440904 +0300 MSK m=+429.024451168" connectionDb=beads connectionID=37 error="nothing to commit" queryTime="2026-03-11 13:07:33.452191 +0300 MSK m=+429.035738501"
time="2026-03-11T13:07:33+03:00" level=info msg=ConnectionClosed connectionID=37
time="2026-03-11T13:07:33+03:00" level=info msg=NewConnection DisableClientMultiStatements=false connectionID=38
time="2026-03-11T13:07:33+03:00" level=info msg=ConnectionClosed connectionID=38
time="2026-03-11T13:07:33+03:00" level=info msg=NewConnection DisableClientMultiStatements=false connectionID=39
time="2026-03-11T13:07:33+03:00" level=info msg=NewConnection DisableClientMultiStatements=false connectionID=40
time="2026-03-11T13:07:33+03:00" level=info msg=ConnectionClosed connectionID=39
time="2026-03-11T13:07:33+03:00" level=warning msg="error running query" connectTime="2026-03-11 13:07:33.663461 +0300 MSK m=+429.247007626" connectionDb=beads connectionID=40 error="nothing to commit" queryTime="2026-03-11 13:07:33.678315 +0300 MSK m=+429.261861126"
time="2026-03-11T13:07:33+03:00" level=info msg=ConnectionClosed connectionID=40
time="2026-03-11T13:07:33+03:00" level=info msg=NewConnection DisableClientMultiStatements=false connectionID=41
time="2026-03-11T13:07:33+03:00" level=info msg=ConnectionClosed connectionID=41
time="2026-03-11T13:07:33+03:00" level=info msg=NewConnection DisableClientMultiStatements=false connectionID=42
time="2026-03-11T13:07:33+03:00" level=info msg=NewConnection DisableClientMultiStatements=false connectionID=43
time="2026-03-11T13:07:33+03:00" level=info msg=ConnectionClosed connectionID=42
time="2026-03-11T13:07:33+03:00" level=warning msg="error running query" connectTime="2026-03-11 13:07:33.889647 +0300 MSK m=+429.473193168" connectionDb=beads connectionID=43 error="nothing to commit" queryTime="2026-03-11 13:07:33.900779 +0300 MSK m=+429.484325293"
time="2026-03-11T13:07:34+03:00" level=info msg=ConnectionClosed connectionID=43
time="2026-03-11T13:07:39+03:00" level=info msg=NewConnection DisableClientMultiStatements=false connectionID=44
time="2026-03-11T13:07:39+03:00" level=info msg=ConnectionClosed connectionID=44
time="2026-03-11T13:07:39+03:00" level=info msg=NewConnection DisableClientMultiStatements=false connectionID=45
time="2026-03-11T13:07:39+03:00" level=info msg=NewConnection DisableClientMultiStatements=false connectionID=46
time="2026-03-11T13:07:39+03:00" level=info msg=ConnectionClosed connectionID=45
time="2026-03-11T13:07:39+03:00" level=warning msg="error running query" connectTime="2026-03-11 13:07:39.190196 +0300 MSK m=+434.773735751" connectionDb=beads connectionID=46 error="nothing to commit" queryTime="2026-03-11 13:07:39.198429 +0300 MSK m=+434.781969501"
time="2026-03-11T13:07:39+03:00" level=info msg=NewConnection DisableClientMultiStatements=false connectionID=47
time="2026-03-11T13:07:39+03:00" level=info msg=ConnectionClosed connectionID=47
time="2026-03-11T13:07:39+03:00" level=info msg=NewConnection DisableClientMultiStatements=false connectionID=48
time="2026-03-11T13:07:39+03:00" level=info msg=NewConnection DisableClientMultiStatements=false connectionID=49
time="2026-03-11T13:07:39+03:00" level=info msg=ConnectionClosed connectionID=48
time="2026-03-11T13:07:39+03:00" level=info msg=ConnectionClosed connectionID=46
time="2026-03-11T13:07:39+03:00" level=info msg=ConnectionClosed connectionID=49
time="2026-03-11T13:08:15+03:00" level=info msg=NewConnection DisableClientMultiStatements=false connectionID=50
time="2026-03-11T13:08:15+03:00" level=info msg=ConnectionClosed connectionID=50
time="2026-03-11T13:08:15+03:00" level=info msg=NewConnection DisableClientMultiStatements=false connectionID=51
time="2026-03-11T13:08:15+03:00" level=info msg=NewConnection DisableClientMultiStatements=false connectionID=52
time="2026-03-11T13:08:15+03:00" level=info msg=ConnectionClosed connectionID=51
time="2026-03-11T13:08:15+03:00" level=info msg=ConnectionClosed connectionID=52
time="2026-03-11T13:08:15+03:00" level=info msg=NewConnection DisableClientMultiStatements=false connectionID=53
time="2026-03-11T13:08:15+03:00" level=info msg=ConnectionClosed connectionID=53
time="2026-03-11T13:08:15+03:00" level=info msg=NewConnection DisableClientMultiStatements=false connectionID=54
time="2026-03-11T13:08:15+03:00" level=info msg=NewConnection DisableClientMultiStatements=false connectionID=55
time="2026-03-11T13:08:15+03:00" level=info msg=ConnectionClosed connectionID=54
time="2026-03-11T13:08:15+03:00" level=info msg=ConnectionClosed connectionID=55
time="2026-03-11T13:08:15+03:00" level=info msg=NewConnection DisableClientMultiStatements=false connectionID=56
time="2026-03-11T13:08:15+03:00" level=info msg=ConnectionClosed connectionID=56
time="2026-03-11T13:08:15+03:00" level=info msg=NewConnection DisableClientMultiStatements=false connectionID=57
time="2026-03-11T13:08:15+03:00" level=info msg=NewConnection DisableClientMultiStatements=false connectionID=58
time="2026-03-11T13:08:15+03:00" level=info msg=ConnectionClosed connectionID=57
time="2026-03-11T13:08:15+03:00" level=info msg=ConnectionClosed connectionID=58
time="2026-03-11T13:08:15+03:00" level=info msg=NewConnection DisableClientMultiStatements=false connectionID=59
time="2026-03-11T13:08:15+03:00" level=info msg=ConnectionClosed connectionID=59
time="2026-03-11T13:08:15+03:00" level=info msg=NewConnection DisableClientMultiStatements=false connectionID=60
time="2026-03-11T13:08:15+03:00" level=info msg=NewConnection DisableClientMultiStatements=false connectionID=61
time="2026-03-11T13:08:15+03:00" level=info msg=ConnectionClosed connectionID=60
time="2026-03-11T13:08:15+03:00" level=info msg=ConnectionClosed connectionID=61
time="2026-03-11T13:08:15+03:00" level=info msg=NewConnection DisableClientMultiStatements=false connectionID=62
time="2026-03-11T13:08:15+03:00" level=info msg=ConnectionClosed connectionID=62
time="2026-03-11T13:08:15+03:00" level=info msg=NewConnection DisableClientMultiStatements=false connectionID=63
time="2026-03-11T13:08:15+03:00" level=info msg=NewConnection DisableClientMultiStatements=false connectionID=64
time="2026-03-11T13:08:15+03:00" level=info msg=ConnectionClosed connectionID=63
time="2026-03-11T13:08:15+03:00" level=info msg=ConnectionClosed connectionID=64
time="2026-03-11T13:26:26+03:00" level=info msg=NewConnection DisableClientMultiStatements=false connectionID=65
time="2026-03-11T13:26:26+03:00" level=info msg=ConnectionClosed connectionID=65
time="2026-03-11T13:26:26+03:00" level=info msg="Server closing listener. No longer accepting connections."
time="2026-03-11T13:26:26+03:00" level=info msg="stats stopped: context canceled"
Starting server with Config HP="127.0.0.1:13508"|T="28800000"|R="false"|L="info"
time="2026-03-11T14:48:49+03:00" level=info msg="Server ready. Accepting connections."
time="2026-03-11T14:48:49+03:00" level=warning msg="secure_file_priv is set to \"\", which is insecure."
time="2026-03-11T14:48:49+03:00" level=warning msg="Any user with GRANT FILE privileges will be able to read any file which the sql-server process can read."
time="2026-03-11T14:48:49+03:00" level=warning msg="Please consider restarting the server with secure_file_priv set to a safe (or non-existent) directory."
time="2026-03-11T14:48:49+03:00" level=info msg=NewConnection DisableClientMultiStatements=false connectionID=1
time="2026-03-11T14:48:49+03:00" level=info msg=ConnectionClosed connectionID=1
time="2026-03-11T14:48:49+03:00" level=info msg=NewConnection DisableClientMultiStatements=false connectionID=2
time="2026-03-11T14:48:49+03:00" level=info msg=ConnectionClosed connectionID=2
time="2026-03-11T14:48:49+03:00" level=info msg=NewConnection DisableClientMultiStatements=false connectionID=3
time="2026-03-11T14:48:49+03:00" level=info msg=NewConnection DisableClientMultiStatements=false connectionID=4
time="2026-03-11T14:48:49+03:00" level=info msg=ConnectionClosed connectionID=3
time="2026-03-11T14:48:49+03:00" level=warning msg="error running query" connectTime="2026-03-11 14:48:49.794473 +0300 MSK m=+0.503003168" connectionDb=beads connectionID=4 error="nothing to commit" queryTime="2026-03-11 14:48:49.812445 +0300 MSK m=+0.520974251"
time="2026-03-11T14:48:49+03:00" level=info msg=ConnectionClosed connectionID=4
time="2026-03-11T14:53:44+03:00" level=info msg=NewConnection DisableClientMultiStatements=false connectionID=6
time="2026-03-11T14:53:44+03:00" level=info msg=NewConnection DisableClientMultiStatements=false connectionID=5
time="2026-03-11T14:53:44+03:00" level=info msg=ConnectionClosed connectionID=6
time="2026-03-11T14:53:44+03:00" level=info msg=ConnectionClosed connectionID=5
time="2026-03-11T14:53:44+03:00" level=info msg=NewConnection DisableClientMultiStatements=false connectionID=7
time="2026-03-11T14:53:44+03:00" level=info msg=NewConnection DisableClientMultiStatements=false connectionID=8
time="2026-03-11T14:53:44+03:00" level=info msg=NewConnection DisableClientMultiStatements=false connectionID=10
time="2026-03-11T14:53:44+03:00" level=info msg=NewConnection DisableClientMultiStatements=false connectionID=9
time="2026-03-11T14:53:44+03:00" level=info msg=ConnectionClosed connectionID=7
time="2026-03-11T14:53:44+03:00" level=info msg=ConnectionClosed connectionID=8
time="2026-03-11T14:53:44+03:00" level=info msg=ConnectionClosed connectionID=9
time="2026-03-11T14:53:44+03:00" level=info msg=ConnectionClosed connectionID=10
time="2026-03-11T15:01:27+03:00" level=info msg=NewConnection DisableClientMultiStatements=false connectionID=12
time="2026-03-11T15:01:27+03:00" level=info msg=NewConnection DisableClientMultiStatements=false connectionID=11
time="2026-03-11T15:01:27+03:00" level=info msg=ConnectionClosed connectionID=12
time="2026-03-11T15:01:27+03:00" level=info msg=ConnectionClosed connectionID=11
time="2026-03-11T15:01:27+03:00" level=info msg=NewConnection DisableClientMultiStatements=false connectionID=13
time="2026-03-11T15:01:27+03:00" level=info msg=NewConnection DisableClientMultiStatements=false connectionID=14
time="2026-03-11T15:01:27+03:00" level=info msg=NewConnection DisableClientMultiStatements=false connectionID=15
time="2026-03-11T15:01:27+03:00" level=info msg=NewConnection DisableClientMultiStatements=false connectionID=16
time="2026-03-11T15:01:27+03:00" level=info msg=ConnectionClosed connectionID=13
time="2026-03-11T15:01:27+03:00" level=info msg=ConnectionClosed connectionID=14
time="2026-03-11T15:01:27+03:00" level=warning msg="error running query" connectTime="2026-03-11 15:01:27.968349 +0300 MSK m=+758.674742835" connectionDb=beads connectionID=16 error="nothing to commit" queryTime="2026-03-11 15:01:27.979856 +0300 MSK m=+758.686249918"
time="2026-03-11T15:01:28+03:00" level=info msg=ConnectionClosed connectionID=15
time="2026-03-11T15:01:28+03:00" level=info msg=ConnectionClosed connectionID=16
time="2026-03-11T15:01:34+03:00" level=info msg=NewConnection DisableClientMultiStatements=false connectionID=17
time="2026-03-11T15:01:34+03:00" level=info msg=ConnectionClosed connectionID=17
time="2026-03-11T15:01:34+03:00" level=info msg=NewConnection DisableClientMultiStatements=false connectionID=18
time="2026-03-11T15:01:34+03:00" level=info msg=NewConnection DisableClientMultiStatements=false connectionID=19
time="2026-03-11T15:01:34+03:00" level=info msg=ConnectionClosed connectionID=18
time="2026-03-11T15:01:34+03:00" level=info msg=ConnectionClosed connectionID=19
time="2026-03-11T15:01:50+03:00" level=info msg=NewConnection DisableClientMultiStatements=false connectionID=20
time="2026-03-11T15:01:50+03:00" level=info msg=ConnectionClosed connectionID=20
time="2026-03-11T15:01:50+03:00" level=info msg=NewConnection DisableClientMultiStatements=false connectionID=21
time="2026-03-11T15:01:50+03:00" level=info msg=NewConnection DisableClientMultiStatements=false connectionID=22
time="2026-03-11T15:01:50+03:00" level=info msg=ConnectionClosed connectionID=21
time="2026-03-11T15:01:50+03:00" level=info msg=ConnectionClosed connectionID=22
time="2026-03-11T15:02:48+03:00" level=info msg=NewConnection DisableClientMultiStatements=false connectionID=23
time="2026-03-11T15:02:48+03:00" level=info msg=ConnectionClosed connectionID=23
time="2026-03-11T15:02:48+03:00" level=info msg=NewConnection DisableClientMultiStatements=false connectionID=24
time="2026-03-11T15:02:48+03:00" level=info msg=NewConnection DisableClientMultiStatements=false connectionID=25
time="2026-03-11T15:02:48+03:00" level=info msg=ConnectionClosed connectionID=24
time="2026-03-11T15:02:48+03:00" level=warning msg="error running query" connectTime="2026-03-11 15:02:48.990979 +0300 MSK m=+839.697283293" connectionDb=beads connectionID=25 error="nothing to commit" queryTime="2026-03-11 15:02:48.998647 +0300 MSK m=+839.704952168"
time="2026-03-11T15:02:49+03:00" level=info msg=ConnectionClosed connectionID=25
time="2026-03-11T15:06:40+03:00" level=info msg=NewConnection DisableClientMultiStatements=false connectionID=26
time="2026-03-11T15:06:40+03:00" level=info msg=ConnectionClosed connectionID=26
time="2026-03-11T15:06:40+03:00" level=info msg=NewConnection DisableClientMultiStatements=false connectionID=27
time="2026-03-11T15:06:40+03:00" level=info msg=NewConnection DisableClientMultiStatements=false connectionID=28
time="2026-03-11T15:06:40+03:00" level=info msg=ConnectionClosed connectionID=27
time="2026-03-11T15:06:40+03:00" level=info msg=ConnectionClosed connectionID=28
time="2026-03-11T15:06:40+03:00" level=info msg=NewConnection DisableClientMultiStatements=false connectionID=29
time="2026-03-11T15:06:40+03:00" level=info msg=ConnectionClosed connectionID=29
time="2026-03-11T15:06:40+03:00" level=info msg=NewConnection DisableClientMultiStatements=false connectionID=30
time="2026-03-11T15:06:40+03:00" level=info msg=NewConnection DisableClientMultiStatements=false connectionID=31
time="2026-03-11T15:06:40+03:00" level=info msg=ConnectionClosed connectionID=30
time="2026-03-11T15:06:40+03:00" level=info msg=ConnectionClosed connectionID=31
time="2026-03-11T15:06:40+03:00" level=info msg=NewConnection DisableClientMultiStatements=false connectionID=32
time="2026-03-11T15:06:40+03:00" level=info msg=ConnectionClosed connectionID=32
time="2026-03-11T15:06:40+03:00" level=info msg=NewConnection DisableClientMultiStatements=false connectionID=33
time="2026-03-11T15:06:40+03:00" level=info msg=NewConnection DisableClientMultiStatements=false connectionID=34
time="2026-03-11T15:06:40+03:00" level=info msg=ConnectionClosed connectionID=33
time="2026-03-11T15:06:40+03:00" level=info msg=ConnectionClosed connectionID=34
time="2026-03-11T15:06:40+03:00" level=info msg=NewConnection DisableClientMultiStatements=false connectionID=35
time="2026-03-11T15:06:40+03:00" level=info msg=ConnectionClosed connectionID=35
time="2026-03-11T15:06:40+03:00" level=info msg=NewConnection DisableClientMultiStatements=false connectionID=36
time="2026-03-11T15:06:40+03:00" level=info msg=NewConnection DisableClientMultiStatements=false connectionID=37
time="2026-03-11T15:06:40+03:00" level=info msg=ConnectionClosed connectionID=36
time="2026-03-11T15:06:40+03:00" level=info msg=ConnectionClosed connectionID=37
time="2026-03-11T15:06:40+03:00" level=info msg=NewConnection DisableClientMultiStatements=false connectionID=38
time="2026-03-11T15:06:40+03:00" level=info msg=ConnectionClosed connectionID=38
time="2026-03-11T15:06:40+03:00" level=info msg=NewConnection DisableClientMultiStatements=false connectionID=39
time="2026-03-11T15:06:40+03:00" level=info msg=NewConnection DisableClientMultiStatements=false connectionID=40
time="2026-03-11T15:06:40+03:00" level=info msg=ConnectionClosed connectionID=39
time="2026-03-11T15:06:40+03:00" level=info msg=ConnectionClosed connectionID=40
time="2026-03-11T15:06:40+03:00" level=info msg=NewConnection DisableClientMultiStatements=false connectionID=41
time="2026-03-11T15:06:40+03:00" level=info msg=ConnectionClosed connectionID=41
time="2026-03-11T15:06:40+03:00" level=info msg=NewConnection DisableClientMultiStatements=false connectionID=42
time="2026-03-11T15:06:40+03:00" level=info msg=NewConnection DisableClientMultiStatements=false connectionID=43
time="2026-03-11T15:06:40+03:00" level=info msg=ConnectionClosed connectionID=42
time="2026-03-11T15:06:40+03:00" level=info msg=ConnectionClosed connectionID=43
time="2026-03-11T15:06:40+03:00" level=info msg=NewConnection DisableClientMultiStatements=false connectionID=44
time="2026-03-11T15:06:40+03:00" level=info msg=ConnectionClosed connectionID=44
time="2026-03-11T15:06:40+03:00" level=info msg=NewConnection DisableClientMultiStatements=false connectionID=45
time="2026-03-11T15:06:40+03:00" level=info msg=NewConnection DisableClientMultiStatements=false connectionID=46
time="2026-03-11T15:06:40+03:00" level=info msg=ConnectionClosed connectionID=45
time="2026-03-11T15:06:40+03:00" level=info msg=ConnectionClosed connectionID=46
time="2026-03-11T15:06:41+03:00" level=info msg=NewConnection DisableClientMultiStatements=false connectionID=47
time="2026-03-11T15:06:41+03:00" level=info msg=ConnectionClosed connectionID=47
time="2026-03-11T15:06:41+03:00" level=info msg=NewConnection DisableClientMultiStatements=false connectionID=48
time="2026-03-11T15:06:41+03:00" level=info msg=NewConnection DisableClientMultiStatements=false connectionID=49
time="2026-03-11T15:06:41+03:00" level=info msg=ConnectionClosed connectionID=48
time="2026-03-11T15:06:41+03:00" level=info msg=ConnectionClosed connectionID=49
time="2026-03-11T15:06:41+03:00" level=info msg=NewConnection DisableClientMultiStatements=false connectionID=50
time="2026-03-11T15:06:41+03:00" level=info msg=ConnectionClosed connectionID=50
time="2026-03-11T15:06:41+03:00" level=info msg=NewConnection DisableClientMultiStatements=false connectionID=51
time="2026-03-11T15:06:41+03:00" level=info msg=NewConnection DisableClientMultiStatements=false connectionID=52
time="2026-03-11T15:06:41+03:00" level=info msg=ConnectionClosed connectionID=51
time="2026-03-11T15:06:41+03:00" level=info msg=ConnectionClosed connectionID=52
time="2026-03-11T15:06:41+03:00" level=info msg=NewConnection DisableClientMultiStatements=false connectionID=53
time="2026-03-11T15:06:41+03:00" level=info msg=ConnectionClosed connectionID=53
time="2026-03-11T15:06:41+03:00" level=info msg=NewConnection DisableClientMultiStatements=false connectionID=54
time="2026-03-11T15:06:41+03:00" level=info msg=NewConnection DisableClientMultiStatements=false connectionID=55
time="2026-03-11T15:06:41+03:00" level=info msg=ConnectionClosed connectionID=54
time="2026-03-11T15:06:41+03:00" level=info msg=ConnectionClosed connectionID=55
time="2026-03-11T15:06:41+03:00" level=info msg=NewConnection DisableClientMultiStatements=false connectionID=56
time="2026-03-11T15:06:41+03:00" level=info msg=ConnectionClosed connectionID=56
time="2026-03-11T15:06:41+03:00" level=info msg=NewConnection DisableClientMultiStatements=false connectionID=57
time="2026-03-11T15:06:41+03:00" level=info msg=NewConnection DisableClientMultiStatements=false connectionID=58
time="2026-03-11T15:06:41+03:00" level=info msg=ConnectionClosed connectionID=57
time="2026-03-11T15:06:41+03:00" level=info msg=ConnectionClosed connectionID=58
time="2026-03-11T15:06:41+03:00" level=info msg=NewConnection DisableClientMultiStatements=false connectionID=59
time="2026-03-11T15:06:41+03:00" level=info msg=ConnectionClosed connectionID=59
time="2026-03-11T15:06:41+03:00" level=info msg=NewConnection DisableClientMultiStatements=false connectionID=60
time="2026-03-11T15:06:41+03:00" level=info msg=NewConnection DisableClientMultiStatements=false connectionID=61
time="2026-03-11T15:06:41+03:00" level=info msg=ConnectionClosed connectionID=60
time="2026-03-11T15:06:41+03:00" level=info msg=ConnectionClosed connectionID=61
time="2026-03-11T15:06:51+03:00" level=info msg=NewConnection DisableClientMultiStatements=false connectionID=62
time="2026-03-11T15:06:51+03:00" level=info msg=ConnectionClosed connectionID=62
time="2026-03-11T15:06:51+03:00" level=info msg=NewConnection DisableClientMultiStatements=false connectionID=63
time="2026-03-11T15:06:51+03:00" level=info msg=NewConnection DisableClientMultiStatements=false connectionID=64
time="2026-03-11T15:06:51+03:00" level=info msg=ConnectionClosed connectionID=63
time="2026-03-11T15:06:51+03:00" level=info msg=ConnectionClosed connectionID=64
time="2026-03-11T15:06:51+03:00" level=info msg=NewConnection DisableClientMultiStatements=false connectionID=65
time="2026-03-11T15:06:51+03:00" level=info msg=ConnectionClosed connectionID=65
time="2026-03-11T15:06:51+03:00" level=info msg=NewConnection DisableClientMultiStatements=false connectionID=66
time="2026-03-11T15:06:51+03:00" level=info msg=NewConnection DisableClientMultiStatements=false connectionID=67
time="2026-03-11T15:06:51+03:00" level=info msg=ConnectionClosed connectionID=66
time="2026-03-11T15:06:51+03:00" level=info msg=ConnectionClosed connectionID=67
time="2026-03-11T15:07:13+03:00" level=info msg=NewConnection DisableClientMultiStatements=false connectionID=68
time="2026-03-11T15:07:13+03:00" level=info msg=ConnectionClosed connectionID=68
time="2026-03-11T15:07:13+03:00" level=info msg=NewConnection DisableClientMultiStatements=false connectionID=69
time="2026-03-11T15:07:13+03:00" level=info msg=NewConnection DisableClientMultiStatements=false connectionID=70
time="2026-03-11T15:07:13+03:00" level=info msg=ConnectionClosed connectionID=69
time="2026-03-11T15:07:13+03:00" level=warning msg="error running query" connectTime="2026-03-11 15:07:13.563892 +0300 MSK m=+1104.269906168" connectionDb=beads connectionID=70 error="nothing to commit" queryTime="2026-03-11 15:07:13.573261 +0300 MSK m=+1104.279275293"
time="2026-03-11T15:07:13+03:00" level=info msg=ConnectionClosed connectionID=70
time="2026-03-11T15:07:16+03:00" level=info msg=NewConnection DisableClientMultiStatements=false connectionID=71
time="2026-03-11T15:07:16+03:00" level=info msg=ConnectionClosed connectionID=71
time="2026-03-11T15:07:16+03:00" level=info msg=NewConnection DisableClientMultiStatements=false connectionID=72
time="2026-03-11T15:07:16+03:00" level=info msg=NewConnection DisableClientMultiStatements=false connectionID=73
time="2026-03-11T15:07:16+03:00" level=info msg=ConnectionClosed connectionID=72
time="2026-03-11T15:07:16+03:00" level=info msg=ConnectionClosed connectionID=73
time="2026-03-11T15:07:40+03:00" level=info msg=NewConnection DisableClientMultiStatements=false connectionID=75
time="2026-03-11T15:07:40+03:00" level=info msg=NewConnection DisableClientMultiStatements=false connectionID=74
time="2026-03-11T15:07:40+03:00" level=info msg=ConnectionClosed connectionID=75
time="2026-03-11T15:07:40+03:00" level=info msg=ConnectionClosed connectionID=74
time="2026-03-11T15:07:40+03:00" level=info msg=NewConnection DisableClientMultiStatements=false connectionID=76
time="2026-03-11T15:07:40+03:00" level=info msg=NewConnection DisableClientMultiStatements=false connectionID=77
time="2026-03-11T15:07:40+03:00" level=info msg=NewConnection DisableClientMultiStatements=false connectionID=78
time="2026-03-11T15:07:40+03:00" level=info msg=ConnectionClosed connectionID=78
time="2026-03-11T15:07:40+03:00" level=info msg=NewConnection DisableClientMultiStatements=false connectionID=79
time="2026-03-11T15:07:40+03:00" level=info msg=NewConnection DisableClientMultiStatements=false connectionID=80
time="2026-03-11T15:07:40+03:00" level=info msg=NewConnection DisableClientMultiStatements=false connectionID=81
time="2026-03-11T15:07:40+03:00" level=info msg=ConnectionClosed connectionID=77
time="2026-03-11T15:07:40+03:00" level=info msg=ConnectionClosed connectionID=76
time="2026-03-11T15:07:40+03:00" level=info msg=NewConnection DisableClientMultiStatements=false connectionID=82
time="2026-03-11T15:07:40+03:00" level=info msg=ConnectionClosed connectionID=79
time="2026-03-11T15:07:40+03:00" level=info msg=ConnectionClosed connectionID=82
time="2026-03-11T15:07:40+03:00" level=info msg=ConnectionClosed connectionID=80
time="2026-03-11T15:07:40+03:00" level=info msg=ConnectionClosed connectionID=81
time="2026-03-11T15:18:51+03:00" level=info msg=NewConnection DisableClientMultiStatements=false connectionID=83
time="2026-03-11T15:18:51+03:00" level=info msg=ConnectionClosed connectionID=83
time="2026-03-11T15:18:51+03:00" level=info msg="Server closing listener. No longer accepting connections."
time="2026-03-11T15:18:51+03:00" level=info msg="stats stopped: context canceled"
Starting server with Config HP="127.0.0.1:13508"|T="28800000"|R="false"|L="info"
time="2026-03-11T15:37:47+03:00" level=info msg="Server ready. Accepting connections."
time="2026-03-11T15:37:47+03:00" level=warning msg="secure_file_priv is set to \"\", which is insecure."
time="2026-03-11T15:37:47+03:00" level=warning msg="Any user with GRANT FILE privileges will be able to read any file which the sql-server process can read."
time="2026-03-11T15:37:47+03:00" level=warning msg="Please consider restarting the server with secure_file_priv set to a safe (or non-existent) directory."
time="2026-03-11T15:37:47+03:00" level=info msg=NewConnection DisableClientMultiStatements=false connectionID=1
time="2026-03-11T15:37:47+03:00" level=info msg=ConnectionClosed connectionID=1
time="2026-03-11T15:37:47+03:00" level=info msg=NewConnection DisableClientMultiStatements=false connectionID=2
time="2026-03-11T15:37:47+03:00" level=info msg=ConnectionClosed connectionID=2
time="2026-03-11T15:37:47+03:00" level=info msg=NewConnection DisableClientMultiStatements=false connectionID=3
time="2026-03-11T15:37:47+03:00" level=info msg=NewConnection DisableClientMultiStatements=false connectionID=4
time="2026-03-11T15:37:47+03:00" level=info msg=ConnectionClosed connectionID=3
time="2026-03-11T15:37:47+03:00" level=info msg=ConnectionClosed connectionID=4
time="2026-03-11T16:08:10+03:00" level=info msg=NewConnection DisableClientMultiStatements=false connectionID=5
time="2026-03-11T16:08:10+03:00" level=info msg=ConnectionClosed connectionID=5
time="2026-03-11T16:08:10+03:00" level=info msg="Server closing listener. No longer accepting connections."
time="2026-03-11T16:08:10+03:00" level=info msg="stats stopped: context canceled"
Starting server with Config HP="127.0.0.1:13508"|T="28800000"|R="false"|L="info"
time="2026-03-11T17:46:01+03:00" level=info msg="Server ready. Accepting connections."
time="2026-03-11T17:46:01+03:00" level=warning msg="secure_file_priv is set to \"\", which is insecure."
time="2026-03-11T17:46:01+03:00" level=warning msg="Any user with GRANT FILE privileges will be able to read any file which the sql-server process can read."
time="2026-03-11T17:46:01+03:00" level=warning msg="Please consider restarting the server with secure_file_priv set to a safe (or non-existent) directory."
time="2026-03-11T17:46:01+03:00" level=info msg=NewConnection DisableClientMultiStatements=false connectionID=1
time="2026-03-11T17:46:01+03:00" level=info msg=ConnectionClosed connectionID=1
time="2026-03-11T17:46:01+03:00" level=info msg=NewConnection DisableClientMultiStatements=false connectionID=2
time="2026-03-11T17:46:01+03:00" level=info msg=ConnectionClosed connectionID=2
time="2026-03-11T17:46:01+03:00" level=info msg=NewConnection DisableClientMultiStatements=false connectionID=3
time="2026-03-11T17:46:01+03:00" level=info msg=NewConnection DisableClientMultiStatements=false connectionID=4
time="2026-03-11T17:46:01+03:00" level=info msg=ConnectionClosed connectionID=3
time="2026-03-11T17:46:02+03:00" level=info msg=ConnectionClosed connectionID=4
time="2026-03-11T17:47:01+03:00" level=info msg=NewConnection DisableClientMultiStatements=false connectionID=5
time="2026-03-11T17:47:01+03:00" level=info msg=ConnectionClosed connectionID=5
time="2026-03-11T17:47:01+03:00" level=info msg=NewConnection DisableClientMultiStatements=false connectionID=6
time="2026-03-11T17:47:01+03:00" level=info msg=NewConnection DisableClientMultiStatements=false connectionID=7
time="2026-03-11T17:47:01+03:00" level=info msg=ConnectionClosed connectionID=6
time="2026-03-11T17:47:01+03:00" level=info msg=ConnectionClosed connectionID=7
time="2026-03-11T17:47:34+03:00" level=info msg=NewConnection DisableClientMultiStatements=false connectionID=8
time="2026-03-11T17:47:34+03:00" level=info msg=ConnectionClosed connectionID=8
time="2026-03-11T17:47:34+03:00" level=info msg=NewConnection DisableClientMultiStatements=false connectionID=9
time="2026-03-11T17:47:34+03:00" level=info msg=NewConnection DisableClientMultiStatements=false connectionID=10
time="2026-03-11T17:47:34+03:00" level=info msg=ConnectionClosed connectionID=9
time="2026-03-11T17:47:34+03:00" level=warning msg="error running query" connectTime="2026-03-11 17:47:34.259449 +0300 MSK m=+92.776320168" connectionDb=beads connectionID=10 error="nothing to commit" queryTime="2026-03-11 17:47:34.277954 +0300 MSK m=+92.794825501"
time="2026-03-11T17:47:34+03:00" level=info msg=ConnectionClosed connectionID=10
time="2026-03-11T17:47:38+03:00" level=info msg=NewConnection DisableClientMultiStatements=false connectionID=11
time="2026-03-11T17:47:38+03:00" level=info msg=ConnectionClosed connectionID=11
time="2026-03-11T17:47:38+03:00" level=info msg=NewConnection DisableClientMultiStatements=false connectionID=12
time="2026-03-11T17:47:38+03:00" level=info msg=NewConnection DisableClientMultiStatements=false connectionID=13
time="2026-03-11T17:47:38+03:00" level=info msg=ConnectionClosed connectionID=12
time="2026-03-11T17:47:38+03:00" level=warning msg="error running query" connectTime="2026-03-11 17:47:38.779324 +0300 MSK m=+97.296186043" connectionDb=beads connectionID=13 error="nothing to commit" queryTime="2026-03-11 17:47:38.789175 +0300 MSK m=+97.306036710"
time="2026-03-11T17:47:38+03:00" level=info msg=ConnectionClosed connectionID=13
time="2026-03-11T17:47:41+03:00" level=info msg=NewConnection DisableClientMultiStatements=false connectionID=14
time="2026-03-11T17:47:41+03:00" level=info msg=ConnectionClosed connectionID=14
time="2026-03-11T17:47:41+03:00" level=info msg=NewConnection DisableClientMultiStatements=false connectionID=15
time="2026-03-11T17:47:41+03:00" level=info msg=NewConnection DisableClientMultiStatements=false connectionID=16
time="2026-03-11T17:47:41+03:00" level=info msg=ConnectionClosed connectionID=15
time="2026-03-11T17:47:41+03:00" level=warning msg="error running query" connectTime="2026-03-11 17:47:41.310859 +0300 MSK m=+99.827715585" connectionDb=beads connectionID=16 error="nothing to commit" queryTime="2026-03-11 17:47:41.31953 +0300 MSK m=+99.836386543"
time="2026-03-11T17:47:41+03:00" level=info msg=ConnectionClosed connectionID=16
time="2026-03-11T17:47:43+03:00" level=info msg=NewConnection DisableClientMultiStatements=false connectionID=17
time="2026-03-11T17:47:43+03:00" level=info msg=ConnectionClosed connectionID=17
time="2026-03-11T17:47:43+03:00" level=info msg=NewConnection DisableClientMultiStatements=false connectionID=18
time="2026-03-11T17:47:43+03:00" level=info msg=NewConnection DisableClientMultiStatements=false connectionID=19
time="2026-03-11T17:47:43+03:00" level=info msg=ConnectionClosed connectionID=18
time="2026-03-11T17:47:43+03:00" level=warning msg="error running query" connectTime="2026-03-11 17:47:43.974932 +0300 MSK m=+102.491783876" connectionDb=beads connectionID=19 error="nothing to commit" queryTime="2026-03-11 17:47:43.982721 +0300 MSK m=+102.499572210"
time="2026-03-11T17:47:44+03:00" level=info msg=ConnectionClosed connectionID=19
time="2026-03-11T17:47:48+03:00" level=info msg=NewConnection DisableClientMultiStatements=false connectionID=20
time="2026-03-11T17:47:48+03:00" level=info msg=ConnectionClosed connectionID=20
time="2026-03-11T17:47:48+03:00" level=info msg=NewConnection DisableClientMultiStatements=false connectionID=21
time="2026-03-11T17:47:48+03:00" level=info msg=NewConnection DisableClientMultiStatements=false connectionID=22
time="2026-03-11T17:47:48+03:00" level=info msg=ConnectionClosed connectionID=21
time="2026-03-11T17:47:48+03:00" level=warning msg="error running query" connectTime="2026-03-11 17:47:48.944767 +0300 MSK m=+107.461608168" connectionDb=beads connectionID=22 error="nothing to commit" queryTime="2026-03-11 17:47:48.954098 +0300 MSK m=+107.470939085"
time="2026-03-11T17:47:49+03:00" level=info msg=ConnectionClosed connectionID=22
time="2026-03-11T17:47:56+03:00" level=info msg=NewConnection DisableClientMultiStatements=false connectionID=23
time="2026-03-11T17:47:56+03:00" level=info msg=ConnectionClosed connectionID=23
time="2026-03-11T17:47:56+03:00" level=info msg=NewConnection DisableClientMultiStatements=false connectionID=24
time="2026-03-11T17:47:56+03:00" level=info msg=NewConnection DisableClientMultiStatements=false connectionID=25
time="2026-03-11T17:47:56+03:00" level=info msg=ConnectionClosed connectionID=24
time="2026-03-11T17:47:56+03:00" level=warning msg="error running query" connectTime="2026-03-11 17:47:56.363742 +0300 MSK m=+114.880568376" connectionDb=beads connectionID=25 error="nothing to commit" queryTime="2026-03-11 17:47:56.372226 +0300 MSK m=+114.889052876"
time="2026-03-11T17:47:56+03:00" level=info msg=ConnectionClosed connectionID=25
time="2026-03-11T17:48:01+03:00" level=info msg=NewConnection DisableClientMultiStatements=false connectionID=26
time="2026-03-11T17:48:01+03:00" level=info msg=ConnectionClosed connectionID=26
time="2026-03-11T17:48:01+03:00" level=info msg=NewConnection DisableClientMultiStatements=false connectionID=27
time="2026-03-11T17:48:01+03:00" level=info msg=NewConnection DisableClientMultiStatements=false connectionID=28
time="2026-03-11T17:48:01+03:00" level=info msg=ConnectionClosed connectionID=27
time="2026-03-11T17:48:01+03:00" level=warning msg="error running query" connectTime="2026-03-11 17:48:01.312387 +0300 MSK m=+119.829203376" connectionDb=beads connectionID=28 error="nothing to commit" queryTime="2026-03-11 17:48:01.32174 +0300 MSK m=+119.838556793"
time="2026-03-11T17:48:01+03:00" level=info msg=ConnectionClosed connectionID=28
time="2026-03-11T17:48:06+03:00" level=info msg=NewConnection DisableClientMultiStatements=false connectionID=29
time="2026-03-11T17:48:06+03:00" level=info msg=ConnectionClosed connectionID=29
time="2026-03-11T17:48:06+03:00" level=info msg=NewConnection DisableClientMultiStatements=false connectionID=30
time="2026-03-11T17:48:06+03:00" level=info msg=NewConnection DisableClientMultiStatements=false connectionID=31
time="2026-03-11T17:48:06+03:00" level=info msg=ConnectionClosed connectionID=30
time="2026-03-11T17:48:06+03:00" level=warning msg="error running query" connectTime="2026-03-11 17:48:06.124348 +0300 MSK m=+124.641155251" connectionDb=beads connectionID=31 error="nothing to commit" queryTime="2026-03-11 17:48:06.134091 +0300 MSK m=+124.650897793"
time="2026-03-11T17:48:06+03:00" level=info msg=ConnectionClosed connectionID=31
time="2026-03-11T17:48:11+03:00" level=info msg=NewConnection DisableClientMultiStatements=false connectionID=32
time="2026-03-11T17:48:11+03:00" level=info msg=ConnectionClosed connectionID=32
time="2026-03-11T17:48:11+03:00" level=info msg=NewConnection DisableClientMultiStatements=false connectionID=33
time="2026-03-11T17:48:11+03:00" level=info msg=NewConnection DisableClientMultiStatements=false connectionID=34
time="2026-03-11T17:48:11+03:00" level=info msg=ConnectionClosed connectionID=33
time="2026-03-11T17:48:11+03:00" level=warning msg="error running query" connectTime="2026-03-11 17:48:11.339817 +0300 MSK m=+129.856613710" connectionDb=beads connectionID=34 error="nothing to commit" queryTime="2026-03-11 17:48:11.348482 +0300 MSK m=+129.865278710"
time="2026-03-11T17:48:11+03:00" level=info msg=ConnectionClosed connectionID=34
time="2026-03-11T17:53:39+03:00" level=info msg=NewConnection DisableClientMultiStatements=false connectionID=35
time="2026-03-11T17:53:39+03:00" level=info msg=ConnectionClosed connectionID=35
time="2026-03-11T17:53:39+03:00" level=info msg=NewConnection DisableClientMultiStatements=false connectionID=36
time="2026-03-11T17:53:39+03:00" level=info msg=NewConnection DisableClientMultiStatements=false connectionID=37
time="2026-03-11T17:53:39+03:00" level=info msg=ConnectionClosed connectionID=36
time="2026-03-11T17:53:39+03:00" level=warning msg="error running query" connectTime="2026-03-11 17:53:39.229819 +0300 MSK m=+457.745550918" connectionDb=beads connectionID=37 error="nothing to commit" queryTime="2026-03-11 17:53:39.238689 +0300 MSK m=+457.754421460"
time="2026-03-11T17:53:39+03:00" level=info msg=ConnectionClosed connectionID=37
time="2026-03-11T17:53:43+03:00" level=info msg=NewConnection DisableClientMultiStatements=false connectionID=38
time="2026-03-11T17:53:43+03:00" level=info msg=ConnectionClosed connectionID=38
time="2026-03-11T17:53:43+03:00" level=info msg=NewConnection DisableClientMultiStatements=false connectionID=39
time="2026-03-11T17:53:43+03:00" level=info msg=NewConnection DisableClientMultiStatements=false connectionID=40
time="2026-03-11T17:53:43+03:00" level=info msg=ConnectionClosed connectionID=39
time="2026-03-11T17:53:44+03:00" level=info msg=ConnectionClosed connectionID=40
time="2026-03-11T17:53:48+03:00" level=info msg=NewConnection DisableClientMultiStatements=false connectionID=41
time="2026-03-11T17:53:48+03:00" level=info msg=ConnectionClosed connectionID=41
time="2026-03-11T17:53:48+03:00" level=info msg=NewConnection DisableClientMultiStatements=false connectionID=42
time="2026-03-11T17:53:48+03:00" level=info msg=NewConnection DisableClientMultiStatements=false connectionID=43
time="2026-03-11T17:53:48+03:00" level=info msg=ConnectionClosed connectionID=42
time="2026-03-11T17:53:48+03:00" level=info msg=ConnectionClosed connectionID=43
time="2026-03-11T17:54:22+03:00" level=info msg=NewConnection DisableClientMultiStatements=false connectionID=45
time="2026-03-11T17:54:22+03:00" level=info msg=NewConnection DisableClientMultiStatements=false connectionID=44
time="2026-03-11T17:54:22+03:00" level=info msg=ConnectionClosed connectionID=45
time="2026-03-11T17:54:22+03:00" level=info msg=ConnectionClosed connectionID=44
time="2026-03-11T17:54:22+03:00" level=info msg=NewConnection DisableClientMultiStatements=false connectionID=46
time="2026-03-11T17:54:22+03:00" level=info msg=NewConnection DisableClientMultiStatements=false connectionID=47
time="2026-03-11T17:54:22+03:00" level=info msg=ConnectionClosed connectionID=46
time="2026-03-11T17:54:22+03:00" level=info msg=NewConnection DisableClientMultiStatements=false connectionID=48
time="2026-03-11T17:54:22+03:00" level=info msg=NewConnection DisableClientMultiStatements=false connectionID=49
time="2026-03-11T17:54:22+03:00" level=info msg=NewConnection DisableClientMultiStatements=false connectionID=50
time="2026-03-11T17:54:22+03:00" level=info msg=NewConnection DisableClientMultiStatements=false connectionID=51
time="2026-03-11T17:54:22+03:00" level=info msg=ConnectionClosed connectionID=47
time="2026-03-11T17:54:22+03:00" level=info msg=NewConnection DisableClientMultiStatements=false connectionID=52
time="2026-03-11T17:54:22+03:00" level=info msg=ConnectionClosed connectionID=48
time="2026-03-11T17:54:22+03:00" level=info msg=ConnectionClosed connectionID=49
time="2026-03-11T17:54:22+03:00" level=info msg=ConnectionClosed connectionID=52
time="2026-03-11T17:54:22+03:00" level=info msg=ConnectionClosed connectionID=50
time="2026-03-11T17:54:22+03:00" level=info msg=ConnectionClosed connectionID=51
time="2026-03-11T18:14:46+03:00" level=info msg=NewConnection DisableClientMultiStatements=false connectionID=53
time="2026-03-11T18:14:46+03:00" level=info msg=ConnectionClosed connectionID=53
time="2026-03-11T18:14:46+03:00" level=info msg=NewConnection DisableClientMultiStatements=false connectionID=54
time="2026-03-11T18:14:46+03:00" level=info msg=NewConnection DisableClientMultiStatements=false connectionID=55
time="2026-03-11T18:14:46+03:00" level=info msg=ConnectionClosed connectionID=54
time="2026-03-11T18:14:46+03:00" level=warning msg="error running query" connectTime="2026-03-11 18:14:46.499894 +0300 MSK m=+1321.225791210" connectionDb=beads connectionID=55 error="nothing to commit" queryTime="2026-03-11 18:14:46.508846 +0300 MSK m=+1321.234743210"
time="2026-03-11T18:14:46+03:00" level=info msg=ConnectionClosed connectionID=55
time="2026-03-11T18:16:47+03:00" level=info msg=NewConnection DisableClientMultiStatements=false connectionID=56
time="2026-03-11T18:16:47+03:00" level=info msg=ConnectionClosed connectionID=56
time="2026-03-11T18:16:47+03:00" level=info msg="Server closing listener. No longer accepting connections."
time="2026-03-11T18:16:47+03:00" level=info msg="stats stopped: context canceled"
Starting server with Config HP="127.0.0.1:13508"|T="28800000"|R="false"|L="info"
time="2026-03-11T18:25:51+03:00" level=info msg="Server ready. Accepting connections."
time="2026-03-11T18:25:51+03:00" level=warning msg="secure_file_priv is set to \"\", which is insecure."
time="2026-03-11T18:25:51+03:00" level=warning msg="Any user with GRANT FILE privileges will be able to read any file which the sql-server process can read."
time="2026-03-11T18:25:51+03:00" level=warning msg="Please consider restarting the server with secure_file_priv set to a safe (or non-existent) directory."
time="2026-03-11T18:25:51+03:00" level=info msg=NewConnection DisableClientMultiStatements=false connectionID=1
time="2026-03-11T18:25:51+03:00" level=info msg=NewConnection DisableClientMultiStatements=false connectionID=2
time="2026-03-11T18:25:51+03:00" level=info msg=ConnectionClosed connectionID=1
time="2026-03-11T18:25:51+03:00" level=info msg=ConnectionClosed connectionID=2
time="2026-03-11T18:25:51+03:00" level=info msg=NewConnection DisableClientMultiStatements=false connectionID=3
time="2026-03-11T18:25:51+03:00" level=info msg=NewConnection DisableClientMultiStatements=false connectionID=4
time="2026-03-11T18:25:51+03:00" level=info msg=ConnectionClosed connectionID=3
time="2026-03-11T18:25:51+03:00" level=info msg=ConnectionClosed connectionID=4
time="2026-03-11T18:31:13+03:00" level=info msg=NewConnection DisableClientMultiStatements=false connectionID=5
time="2026-03-11T18:31:13+03:00" level=info msg=ConnectionClosed connectionID=5
time="2026-03-11T18:31:13+03:00" level=info msg=NewConnection DisableClientMultiStatements=false connectionID=6
time="2026-03-11T18:31:13+03:00" level=info msg=NewConnection DisableClientMultiStatements=false connectionID=7
time="2026-03-11T18:31:13+03:00" level=info msg=ConnectionClosed connectionID=6
time="2026-03-11T18:31:13+03:00" level=warning msg="error running query" connectTime="2026-03-11 18:31:13.343323 +0300 MSK m=+322.443664043" connectionDb=beads connectionID=7 error="nothing to commit" queryTime="2026-03-11 18:31:13.360685 +0300 MSK m=+322.461026668"
time="2026-03-11T18:31:13+03:00" level=info msg=ConnectionClosed connectionID=7
time="2026-03-11T18:31:16+03:00" level=info msg=NewConnection DisableClientMultiStatements=false connectionID=8
time="2026-03-11T18:31:16+03:00" level=info msg=ConnectionClosed connectionID=8
time="2026-03-11T18:31:16+03:00" level=info msg=NewConnection DisableClientMultiStatements=false connectionID=9
time="2026-03-11T18:31:16+03:00" level=info msg=NewConnection DisableClientMultiStatements=false connectionID=10
time="2026-03-11T18:31:16+03:00" level=info msg=ConnectionClosed connectionID=9
time="2026-03-11T18:31:16+03:00" level=info msg=ConnectionClosed connectionID=10
time="2026-03-11T19:59:14+03:00" level=info msg=NewConnection DisableClientMultiStatements=false connectionID=11
time="2026-03-11T19:59:14+03:00" level=info msg=ConnectionClosed connectionID=11
time="2026-03-11T19:59:14+03:00" level=info msg="Server closing listener. No longer accepting connections."
time="2026-03-11T19:59:14+03:00" level=info msg="stats stopped: context canceled"
Starting server with Config HP="127.0.0.1:13508"|T="28800000"|R="false"|L="info"
time="2026-03-12T11:34:23+03:00" level=info msg="Server ready. Accepting connections."
time="2026-03-12T11:34:23+03:00" level=warning msg="secure_file_priv is set to \"\", which is insecure."
time="2026-03-12T11:34:23+03:00" level=warning msg="Any user with GRANT FILE privileges will be able to read any file which the sql-server process can read."
time="2026-03-12T11:34:23+03:00" level=warning msg="Please consider restarting the server with secure_file_priv set to a safe (or non-existent) directory."
time="2026-03-12T11:34:23+03:00" level=info msg=NewConnection DisableClientMultiStatements=false connectionID=1
time="2026-03-12T11:34:23+03:00" level=info msg=ConnectionClosed connectionID=1
time="2026-03-12T11:34:23+03:00" level=info msg=NewConnection DisableClientMultiStatements=false connectionID=2
time="2026-03-12T11:34:23+03:00" level=info msg=ConnectionClosed connectionID=2
time="2026-03-12T11:34:23+03:00" level=info msg=NewConnection DisableClientMultiStatements=false connectionID=3
time="2026-03-12T11:34:23+03:00" level=info msg=NewConnection DisableClientMultiStatements=false connectionID=4
time="2026-03-12T11:34:23+03:00" level=info msg=ConnectionClosed connectionID=3
time="2026-03-12T11:34:23+03:00" level=info msg=ConnectionClosed connectionID=4
time="2026-03-12T11:34:41+03:00" level=info msg=NewConnection DisableClientMultiStatements=false connectionID=5
time="2026-03-12T11:34:41+03:00" level=info msg=ConnectionClosed connectionID=5
time="2026-03-12T11:34:41+03:00" level=info msg=NewConnection DisableClientMultiStatements=false connectionID=6
time="2026-03-12T11:34:41+03:00" level=info msg=NewConnection DisableClientMultiStatements=false connectionID=7
time="2026-03-12T11:34:41+03:00" level=info msg=ConnectionClosed connectionID=6
time="2026-03-12T11:34:41+03:00" level=warning msg="error running query" connectTime="2026-03-12 11:34:41.872936 +0300 MSK m=+18.538604085" connectionDb=beads connectionID=7 error="nothing to commit" queryTime="2026-03-12 11:34:41.883011 +0300 MSK m=+18.548678335"
time="2026-03-12T11:34:41+03:00" level=info msg=ConnectionClosed connectionID=7
time="2026-03-12T11:40:38+03:00" level=info msg=NewConnection DisableClientMultiStatements=false connectionID=8
time="2026-03-12T11:40:38+03:00" level=info msg=ConnectionClosed connectionID=8
time="2026-03-12T11:40:38+03:00" level=info msg=NewConnection DisableClientMultiStatements=false connectionID=9
time="2026-03-12T11:40:38+03:00" level=info msg=NewConnection DisableClientMultiStatements=false connectionID=10
time="2026-03-12T11:40:38+03:00" level=info msg=ConnectionClosed connectionID=9
time="2026-03-12T11:40:38+03:00" level=warning msg="error running query" connectTime="2026-03-12 11:40:38.139905 +0300 MSK m=+374.802347501" connectionDb=beads connectionID=10 error="nothing to commit" queryTime="2026-03-12 11:40:38.163717 +0300 MSK m=+374.826160043"
time="2026-03-12T11:40:38+03:00" level=info msg=ConnectionClosed connectionID=10
time="2026-03-12T11:40:41+03:00" level=info msg=NewConnection DisableClientMultiStatements=false connectionID=11
time="2026-03-12T11:40:41+03:00" level=info msg=ConnectionClosed connectionID=11
time="2026-03-12T11:40:41+03:00" level=info msg=NewConnection DisableClientMultiStatements=false connectionID=12
time="2026-03-12T11:40:41+03:00" level=info msg=NewConnection DisableClientMultiStatements=false connectionID=13
time="2026-03-12T11:40:41+03:00" level=info msg=ConnectionClosed connectionID=12
time="2026-03-12T11:40:41+03:00" level=info msg=ConnectionClosed connectionID=13
time="2026-03-12T11:41:35+03:00" level=info msg=NewConnection DisableClientMultiStatements=false connectionID=14
time="2026-03-12T11:41:35+03:00" level=info msg=ConnectionClosed connectionID=14
time="2026-03-12T11:41:35+03:00" level=info msg=NewConnection DisableClientMultiStatements=false connectionID=15
time="2026-03-12T11:41:35+03:00" level=info msg=NewConnection DisableClientMultiStatements=false connectionID=16
time="2026-03-12T11:41:35+03:00" level=info msg=ConnectionClosed connectionID=15
time="2026-03-12T11:41:35+03:00" level=info msg=ConnectionClosed connectionID=16
time="2026-03-12T12:04:25+03:00" level=info msg=NewConnection DisableClientMultiStatements=false connectionID=17
time="2026-03-12T12:04:25+03:00" level=info msg=ConnectionClosed connectionID=17
time="2026-03-12T12:04:25+03:00" level=info msg="Server closing listener. No longer accepting connections."
time="2026-03-12T12:04:25+03:00" level=info msg="stats stopped: context canceled"
Starting server with Config HP="127.0.0.1:13508"|T="28800000"|R="false"|L="info"
time="2026-03-12T12:05:45+03:00" level=info msg="Server ready. Accepting connections."
time="2026-03-12T12:05:45+03:00" level=warning msg="secure_file_priv is set to \"\", which is insecure."
time="2026-03-12T12:05:45+03:00" level=warning msg="Any user with GRANT FILE privileges will be able to read any file which the sql-server process can read."
time="2026-03-12T12:05:45+03:00" level=warning msg="Please consider restarting the server with secure_file_priv set to a safe (or non-existent) directory."
time="2026-03-12T12:05:45+03:00" level=info msg=NewConnection DisableClientMultiStatements=false connectionID=1
time="2026-03-12T12:05:45+03:00" level=info msg=ConnectionClosed connectionID=1
time="2026-03-12T12:05:45+03:00" level=info msg=NewConnection DisableClientMultiStatements=false connectionID=2
time="2026-03-12T12:05:45+03:00" level=info msg=ConnectionClosed connectionID=2
time="2026-03-12T12:05:45+03:00" level=info msg=NewConnection DisableClientMultiStatements=false connectionID=3
time="2026-03-12T12:05:45+03:00" level=info msg=NewConnection DisableClientMultiStatements=false connectionID=4
time="2026-03-12T12:05:45+03:00" level=info msg=ConnectionClosed connectionID=3
time="2026-03-12T12:05:45+03:00" level=info msg=ConnectionClosed connectionID=4
time="2026-03-12T12:12:59+03:00" level=info msg=NewConnection DisableClientMultiStatements=false connectionID=5
time="2026-03-12T12:12:59+03:00" level=info msg=ConnectionClosed connectionID=5
time="2026-03-12T12:12:59+03:00" level=info msg=NewConnection DisableClientMultiStatements=false connectionID=6
time="2026-03-12T12:12:59+03:00" level=info msg=NewConnection DisableClientMultiStatements=false connectionID=7
time="2026-03-12T12:12:59+03:00" level=info msg=ConnectionClosed connectionID=6
time="2026-03-12T12:12:59+03:00" level=warning msg="error running query" connectTime="2026-03-12 12:12:59.067898 +0300 MSK m=+433.748026459" connectionDb=beads connectionID=7 error="nothing to commit" queryTime="2026-03-12 12:12:59.08994 +0300 MSK m=+433.770068251"
time="2026-03-12T12:12:59+03:00" level=info msg=ConnectionClosed connectionID=7
time="2026-03-12T12:15:46+03:00" level=info msg=NewConnection DisableClientMultiStatements=false connectionID=8
time="2026-03-12T12:15:46+03:00" level=info msg=ConnectionClosed connectionID=8
time="2026-03-12T12:15:46+03:00" level=info msg=NewConnection DisableClientMultiStatements=false connectionID=9
time="2026-03-12T12:15:46+03:00" level=info msg=NewConnection DisableClientMultiStatements=false connectionID=10
time="2026-03-12T12:15:46+03:00" level=info msg=ConnectionClosed connectionID=9
time="2026-03-12T12:15:46+03:00" level=warning msg="error running query" connectTime="2026-03-12 12:15:46.64332 +0300 MSK m=+601.322817793" connectionDb=beads connectionID=10 error="nothing to commit" queryTime="2026-03-12 12:15:46.65188 +0300 MSK m=+601.331378209"
time="2026-03-12T12:15:46+03:00" level=info msg=ConnectionClosed connectionID=10
time="2026-03-12T12:15:49+03:00" level=info msg=NewConnection DisableClientMultiStatements=false connectionID=11
time="2026-03-12T12:15:49+03:00" level=info msg=ConnectionClosed connectionID=11
time="2026-03-12T12:15:49+03:00" level=info msg=NewConnection DisableClientMultiStatements=false connectionID=12
time="2026-03-12T12:15:49+03:00" level=info msg=NewConnection DisableClientMultiStatements=false connectionID=13
time="2026-03-12T12:15:49+03:00" level=info msg=ConnectionClosed connectionID=12
time="2026-03-12T12:15:49+03:00" level=info msg=ConnectionClosed connectionID=13
time="2026-03-12T12:16:19+03:00" level=info msg=NewConnection DisableClientMultiStatements=false connectionID=14
time="2026-03-12T12:16:19+03:00" level=info msg=ConnectionClosed connectionID=14
time="2026-03-12T12:16:19+03:00" level=info msg=NewConnection DisableClientMultiStatements=false connectionID=15
time="2026-03-12T12:16:19+03:00" level=info msg=NewConnection DisableClientMultiStatements=false connectionID=16
time="2026-03-12T12:16:19+03:00" level=info msg=ConnectionClosed connectionID=15
time="2026-03-12T12:16:19+03:00" level=info msg=ConnectionClosed connectionID=16
time="2026-03-12T12:20:05+03:00" level=info msg=NewConnection DisableClientMultiStatements=false connectionID=17
time="2026-03-12T12:20:05+03:00" level=info msg=ConnectionClosed connectionID=17
time="2026-03-12T12:20:05+03:00" level=info msg=NewConnection DisableClientMultiStatements=false connectionID=18
time="2026-03-12T12:20:05+03:00" level=info msg=NewConnection DisableClientMultiStatements=false connectionID=19
time="2026-03-12T12:20:05+03:00" level=info msg=ConnectionClosed connectionID=18
time="2026-03-12T12:20:05+03:00" level=info msg=ConnectionClosed connectionID=19
time="2026-03-12T12:25:59+03:00" level=info msg=NewConnection DisableClientMultiStatements=false connectionID=20
time="2026-03-12T12:25:59+03:00" level=info msg=ConnectionClosed connectionID=20
time="2026-03-12T12:25:59+03:00" level=info msg=NewConnection DisableClientMultiStatements=false connectionID=21
time="2026-03-12T12:25:59+03:00" level=info msg=NewConnection DisableClientMultiStatements=false connectionID=22
time="2026-03-12T12:25:59+03:00" level=info msg=ConnectionClosed connectionID=21
time="2026-03-12T12:25:59+03:00" level=warning msg="error running query" connectTime="2026-03-12 12:25:59.133354 +0300 MSK m=+1213.810547418" connectionDb=beads connectionID=22 error="nothing to commit" queryTime="2026-03-12 12:25:59.143708 +0300 MSK m=+1213.820900834"
time="2026-03-12T12:25:59+03:00" level=info msg=ConnectionClosed connectionID=22
time="2026-03-12T12:28:14+03:00" level=info msg=NewConnection DisableClientMultiStatements=false connectionID=23
time="2026-03-12T12:28:14+03:00" level=info msg=ConnectionClosed connectionID=23
time="2026-03-12T12:28:14+03:00" level=info msg=NewConnection DisableClientMultiStatements=false connectionID=24
time="2026-03-12T12:28:14+03:00" level=info msg=NewConnection DisableClientMultiStatements=false connectionID=25
time="2026-03-12T12:28:14+03:00" level=info msg=ConnectionClosed connectionID=24
time="2026-03-12T12:28:14+03:00" level=warning msg="error running query" connectTime="2026-03-12 12:28:14.307584 +0300 MSK m=+1348.982029584" connectionDb=beads connectionID=25 error="nothing to commit" queryTime="2026-03-12 12:28:14.319399 +0300 MSK m=+1348.993844376"
time="2026-03-12T12:28:14+03:00" level=info msg=ConnectionClosed connectionID=25
time="2026-03-12T12:28:17+03:00" level=info msg=NewConnection DisableClientMultiStatements=false connectionID=26
time="2026-03-12T12:28:17+03:00" level=info msg=ConnectionClosed connectionID=26
time="2026-03-12T12:28:17+03:00" level=info msg=NewConnection DisableClientMultiStatements=false connectionID=27
time="2026-03-12T12:28:17+03:00" level=info msg=NewConnection DisableClientMultiStatements=false connectionID=28
time="2026-03-12T12:28:17+03:00" level=info msg=ConnectionClosed connectionID=27
time="2026-03-12T12:28:17+03:00" level=info msg=ConnectionClosed connectionID=28
time="2026-03-12T12:28:57+03:00" level=info msg=NewConnection DisableClientMultiStatements=false connectionID=29
time="2026-03-12T12:28:57+03:00" level=info msg=ConnectionClosed connectionID=29
time="2026-03-12T12:28:57+03:00" level=info msg=NewConnection DisableClientMultiStatements=false connectionID=30
time="2026-03-12T12:28:57+03:00" level=info msg=NewConnection DisableClientMultiStatements=false connectionID=31
time="2026-03-12T12:28:57+03:00" level=info msg=ConnectionClosed connectionID=30
time="2026-03-12T12:28:57+03:00" level=info msg=ConnectionClosed connectionID=31
time="2026-03-12T12:36:27+03:00" level=info msg=NewConnection DisableClientMultiStatements=false connectionID=32
time="2026-03-12T12:36:27+03:00" level=info msg=ConnectionClosed connectionID=32
time="2026-03-12T12:36:27+03:00" level=info msg="Server closing listener. No longer accepting connections."
time="2026-03-12T12:36:27+03:00" level=info msg="stats stopped: context canceled"
Starting server with Config HP="127.0.0.1:13508"|T="28800000"|R="false"|L="info"
time="2026-03-12T13:23:36+03:00" level=info msg="Server ready. Accepting connections."
time="2026-03-12T13:23:36+03:00" level=warning msg="secure_file_priv is set to \"\", which is insecure."
time="2026-03-12T13:23:36+03:00" level=warning msg="Any user with GRANT FILE privileges will be able to read any file which the sql-server process can read."
time="2026-03-12T13:23:36+03:00" level=warning msg="Please consider restarting the server with secure_file_priv set to a safe (or non-existent) directory."
time="2026-03-12T13:23:36+03:00" level=info msg=NewConnection DisableClientMultiStatements=false connectionID=1
time="2026-03-12T13:23:36+03:00" level=info msg=ConnectionClosed connectionID=1
time="2026-03-12T13:23:36+03:00" level=info msg=NewConnection DisableClientMultiStatements=false connectionID=2
time="2026-03-12T13:23:36+03:00" level=info msg=ConnectionClosed connectionID=2
time="2026-03-12T13:23:36+03:00" level=info msg=NewConnection DisableClientMultiStatements=false connectionID=3
time="2026-03-12T13:23:36+03:00" level=info msg=NewConnection DisableClientMultiStatements=false connectionID=4
time="2026-03-12T13:23:36+03:00" level=info msg=ConnectionClosed connectionID=3
time="2026-03-12T13:23:36+03:00" level=info msg=ConnectionClosed connectionID=4
time="2026-03-12T13:25:40+03:00" level=info msg=NewConnection DisableClientMultiStatements=false connectionID=5
time="2026-03-12T13:25:40+03:00" level=info msg=ConnectionClosed connectionID=5
time="2026-03-12T13:25:40+03:00" level=info msg=NewConnection DisableClientMultiStatements=false connectionID=6
time="2026-03-12T13:25:40+03:00" level=info msg=NewConnection DisableClientMultiStatements=false connectionID=7
time="2026-03-12T13:25:40+03:00" level=info msg=ConnectionClosed connectionID=6
time="2026-03-12T13:25:40+03:00" level=info msg=ConnectionClosed connectionID=7
time="2026-03-12T13:25:52+03:00" level=info msg=NewConnection DisableClientMultiStatements=false connectionID=8
time="2026-03-12T13:25:52+03:00" level=info msg=ConnectionClosed connectionID=8
time="2026-03-12T13:25:52+03:00" level=info msg=NewConnection DisableClientMultiStatements=false connectionID=9
time="2026-03-12T13:25:52+03:00" level=info msg=NewConnection DisableClientMultiStatements=false connectionID=10
time="2026-03-12T13:25:52+03:00" level=info msg=ConnectionClosed connectionID=9
time="2026-03-12T13:25:52+03:00" level=warning msg="error running query" connectTime="2026-03-12 13:25:52.696047 +0300 MSK m=+136.612345668" connectionDb=beads connectionID=10 error="nothing to commit" queryTime="2026-03-12 13:25:52.718005 +0300 MSK m=+136.634303918"
time="2026-03-12T13:25:52+03:00" level=info msg=ConnectionClosed connectionID=10
time="2026-03-12T13:39:36+03:00" level=info msg=NewConnection DisableClientMultiStatements=false connectionID=11
time="2026-03-12T13:39:36+03:00" level=info msg=ConnectionClosed connectionID=11
time="2026-03-12T13:39:36+03:00" level=info msg=NewConnection DisableClientMultiStatements=false connectionID=12
time="2026-03-12T13:39:36+03:00" level=info msg=NewConnection DisableClientMultiStatements=false connectionID=13
time="2026-03-12T13:39:36+03:00" level=info msg=ConnectionClosed connectionID=12
time="2026-03-12T13:39:36+03:00" level=info msg=NewConnection DisableClientMultiStatements=false connectionID=14
time="2026-03-12T13:39:36+03:00" level=info msg=ConnectionClosed connectionID=14
time="2026-03-12T13:39:36+03:00" level=info msg=NewConnection DisableClientMultiStatements=false connectionID=15
time="2026-03-12T13:39:36+03:00" level=info msg=NewConnection DisableClientMultiStatements=false connectionID=16
time="2026-03-12T13:39:36+03:00" level=info msg=ConnectionClosed connectionID=15
time="2026-03-12T13:39:36+03:00" level=info msg=ConnectionClosed connectionID=13
time="2026-03-12T13:39:36+03:00" level=info msg=ConnectionClosed connectionID=16
time="2026-03-12T13:39:47+03:00" level=info msg=NewConnection DisableClientMultiStatements=false connectionID=17
time="2026-03-12T13:39:47+03:00" level=info msg=ConnectionClosed connectionID=17
time="2026-03-12T13:39:47+03:00" level=info msg=NewConnection DisableClientMultiStatements=false connectionID=18
time="2026-03-12T13:39:47+03:00" level=info msg=NewConnection DisableClientMultiStatements=false connectionID=19
time="2026-03-12T13:39:47+03:00" level=info msg=ConnectionClosed connectionID=18
time="2026-03-12T13:39:47+03:00" level=info msg=NewConnection DisableClientMultiStatements=false connectionID=20
time="2026-03-12T13:39:47+03:00" level=info msg=ConnectionClosed connectionID=20
time="2026-03-12T13:39:47+03:00" level=info msg=NewConnection DisableClientMultiStatements=false connectionID=21
time="2026-03-12T13:39:47+03:00" level=warning msg="error running query" connectTime="2026-03-12 13:39:47.822791 +0300 MSK m=+971.733685793" connectionDb=beads connectionID=19 error="nothing to commit" queryTime="2026-03-12 13:39:47.864712 +0300 MSK m=+971.775605876"
time="2026-03-12T13:39:47+03:00" level=info msg=NewConnection DisableClientMultiStatements=false connectionID=22
time="2026-03-12T13:39:47+03:00" level=info msg=ConnectionClosed connectionID=21
time="2026-03-12T13:39:47+03:00" level=warning msg="error running query" connectTime="2026-03-12 13:39:47.868338 +0300 MSK m=+971.779232293" connectionDb=beads connectionID=22 error="nothing to commit" queryTime="2026-03-12 13:39:47.903233 +0300 MSK m=+971.814127751"
time="2026-03-12T13:39:48+03:00" level=info msg=NewConnection DisableClientMultiStatements=false connectionID=23
time="2026-03-12T13:39:48+03:00" level=info msg=ConnectionClosed connectionID=23
time="2026-03-12T13:39:48+03:00" level=info msg=NewConnection DisableClientMultiStatements=false connectionID=24
time="2026-03-12T13:39:48+03:00" level=info msg=NewConnection DisableClientMultiStatements=false connectionID=25
time="2026-03-12T13:39:48+03:00" level=info msg=ConnectionClosed connectionID=24
time="2026-03-12T13:39:48+03:00" level=info msg=ConnectionClosed connectionID=25
time="2026-03-12T13:39:48+03:00" level=info msg=ConnectionClosed connectionID=22
time="2026-03-12T13:39:48+03:00" level=info msg=ConnectionClosed connectionID=19
time="2026-03-12T13:40:00+03:00" level=info msg=NewConnection DisableClientMultiStatements=false connectionID=26
time="2026-03-12T13:40:00+03:00" level=info msg=ConnectionClosed connectionID=26
time="2026-03-12T13:40:00+03:00" level=info msg=NewConnection DisableClientMultiStatements=false connectionID=27
time="2026-03-12T13:40:00+03:00" level=info msg=NewConnection DisableClientMultiStatements=false connectionID=28
time="2026-03-12T13:40:00+03:00" level=info msg=ConnectionClosed connectionID=27
time="2026-03-12T13:40:00+03:00" level=info msg=ConnectionClosed connectionID=28
time="2026-03-12T13:53:38+03:00" level=info msg=NewConnection DisableClientMultiStatements=false connectionID=29
time="2026-03-12T13:53:38+03:00" level=info msg=ConnectionClosed connectionID=29
time="2026-03-12T13:53:38+03:00" level=info msg="Server closing listener. No longer accepting connections."
time="2026-03-12T13:53:38+03:00" level=info msg="stats stopped: context canceled"
Starting server with Config HP="127.0.0.1:13508"|T="28800000"|R="false"|L="info"
time="2026-03-12T14:25:33+03:00" level=info msg="Server ready. Accepting connections."
time="2026-03-12T14:25:33+03:00" level=warning msg="secure_file_priv is set to \"\", which is insecure."
time="2026-03-12T14:25:33+03:00" level=warning msg="Any user with GRANT FILE privileges will be able to read any file which the sql-server process can read."
time="2026-03-12T14:25:33+03:00" level=warning msg="Please consider restarting the server with secure_file_priv set to a safe (or non-existent) directory."
time="2026-03-12T14:25:33+03:00" level=info msg=NewConnection DisableClientMultiStatements=false connectionID=1
time="2026-03-12T14:25:33+03:00" level=info msg=ConnectionClosed connectionID=1
time="2026-03-12T14:25:33+03:00" level=info msg=NewConnection DisableClientMultiStatements=false connectionID=2
time="2026-03-12T14:25:33+03:00" level=info msg=ConnectionClosed connectionID=2
time="2026-03-12T14:25:33+03:00" level=info msg=NewConnection DisableClientMultiStatements=false connectionID=3
time="2026-03-12T14:25:33+03:00" level=info msg=NewConnection DisableClientMultiStatements=false connectionID=4
time="2026-03-12T14:25:33+03:00" level=info msg=ConnectionClosed connectionID=3
time="2026-03-12T14:25:33+03:00" level=info msg=ConnectionClosed connectionID=4
time="2026-03-12T14:26:45+03:00" level=info msg=NewConnection DisableClientMultiStatements=false connectionID=5
time="2026-03-12T14:26:45+03:00" level=info msg=ConnectionClosed connectionID=5
time="2026-03-12T14:26:45+03:00" level=info msg=NewConnection DisableClientMultiStatements=false connectionID=6
time="2026-03-12T14:26:45+03:00" level=info msg=NewConnection DisableClientMultiStatements=false connectionID=7
time="2026-03-12T14:26:45+03:00" level=info msg=ConnectionClosed connectionID=6
time="2026-03-12T14:26:45+03:00" level=warning msg="error running query" connectTime="2026-03-12 14:26:45.390632 +0300 MSK m=+72.364232376" connectionDb=beads connectionID=7 error="nothing to commit" queryTime="2026-03-12 14:26:45.418027 +0300 MSK m=+72.391627501"
time="2026-03-12T14:26:45+03:00" level=info msg=ConnectionClosed connectionID=7
time="2026-03-12T14:26:48+03:00" level=info msg=NewConnection DisableClientMultiStatements=false connectionID=8
time="2026-03-12T14:26:48+03:00" level=info msg=ConnectionClosed connectionID=8
time="2026-03-12T14:26:48+03:00" level=info msg=NewConnection DisableClientMultiStatements=false connectionID=9
time="2026-03-12T14:26:48+03:00" level=info msg=NewConnection DisableClientMultiStatements=false connectionID=10
time="2026-03-12T14:26:48+03:00" level=info msg=ConnectionClosed connectionID=9
time="2026-03-12T14:26:48+03:00" level=warning msg="error running query" connectTime="2026-03-12 14:26:48.660541 +0300 MSK m=+75.634121126" connectionDb=beads connectionID=10 error="nothing to commit" queryTime="2026-03-12 14:26:48.675988 +0300 MSK m=+75.649568917"
time="2026-03-12T14:26:48+03:00" level=info msg=ConnectionClosed connectionID=10
time="2026-03-12T14:43:08+03:00" level=info msg=NewConnection DisableClientMultiStatements=false connectionID=11
time="2026-03-12T14:43:08+03:00" level=info msg=ConnectionClosed connectionID=11
time="2026-03-12T14:43:08+03:00" level=info msg=NewConnection DisableClientMultiStatements=false connectionID=12
time="2026-03-12T14:43:08+03:00" level=info msg=NewConnection DisableClientMultiStatements=false connectionID=13
time="2026-03-12T14:43:08+03:00" level=info msg=ConnectionClosed connectionID=12
time="2026-03-12T14:43:08+03:00" level=info msg=ConnectionClosed connectionID=13
time="2026-03-12T14:45:23+03:00" level=info msg=NewConnection DisableClientMultiStatements=false connectionID=14
time="2026-03-12T14:45:23+03:00" level=info msg=ConnectionClosed connectionID=14
time="2026-03-12T14:45:23+03:00" level=info msg=NewConnection DisableClientMultiStatements=false connectionID=15
time="2026-03-12T14:45:23+03:00" level=info msg=NewConnection DisableClientMultiStatements=false connectionID=16
time="2026-03-12T14:45:23+03:00" level=info msg=ConnectionClosed connectionID=15
time="2026-03-12T14:45:23+03:00" level=warning msg="error running query" connectTime="2026-03-12 14:45:23.847956 +0300 MSK m=+1190.815431542" connectionDb=beads connectionID=16 error="nothing to commit" queryTime="2026-03-12 14:45:23.859979 +0300 MSK m=+1190.827454501"
time="2026-03-12T14:45:23+03:00" level=info msg=NewConnection DisableClientMultiStatements=false connectionID=17
time="2026-03-12T14:45:23+03:00" level=info msg=ConnectionClosed connectionID=17
time="2026-03-12T14:45:23+03:00" level=info msg=NewConnection DisableClientMultiStatements=false connectionID=18
time="2026-03-12T14:45:23+03:00" level=info msg=NewConnection DisableClientMultiStatements=false connectionID=19
time="2026-03-12T14:45:23+03:00" level=info msg=ConnectionClosed connectionID=18
time="2026-03-12T14:45:23+03:00" level=info msg=ConnectionClosed connectionID=16
time="2026-03-12T14:45:24+03:00" level=info msg=ConnectionClosed connectionID=19
time="2026-03-12T14:55:36+03:00" level=info msg=NewConnection DisableClientMultiStatements=false connectionID=20
time="2026-03-12T14:55:36+03:00" level=info msg=ConnectionClosed connectionID=20
time="2026-03-12T14:55:36+03:00" level=info msg="Server closing listener. No longer accepting connections."
time="2026-03-12T14:55:36+03:00" level=info msg="stats stopped: context canceled"
Starting server with Config HP="127.0.0.1:13508"|T="28800000"|R="false"|L="info"
time="2026-03-12T16:06:32+03:00" level=info msg="Server ready. Accepting connections."
time="2026-03-12T16:06:32+03:00" level=warning msg="secure_file_priv is set to \"\", which is insecure."
time="2026-03-12T16:06:32+03:00" level=warning msg="Any user with GRANT FILE privileges will be able to read any file which the sql-server process can read."
time="2026-03-12T16:06:32+03:00" level=warning msg="Please consider restarting the server with secure_file_priv set to a safe (or non-existent) directory."
time="2026-03-12T16:06:32+03:00" level=info msg=NewConnection DisableClientMultiStatements=false connectionID=1
time="2026-03-12T16:06:32+03:00" level=info msg=ConnectionClosed connectionID=1
time="2026-03-12T16:06:32+03:00" level=info msg=NewConnection DisableClientMultiStatements=false connectionID=2
time="2026-03-12T16:06:32+03:00" level=info msg=ConnectionClosed connectionID=2
time="2026-03-12T16:06:32+03:00" level=info msg=NewConnection DisableClientMultiStatements=false connectionID=3
time="2026-03-12T16:06:32+03:00" level=info msg=NewConnection DisableClientMultiStatements=false connectionID=4
time="2026-03-12T16:06:32+03:00" level=info msg=ConnectionClosed connectionID=3
time="2026-03-12T16:06:32+03:00" level=info msg=ConnectionClosed connectionID=4
time="2026-03-12T16:06:32+03:00" level=info msg=NewConnection DisableClientMultiStatements=false connectionID=5
time="2026-03-12T16:06:32+03:00" level=info msg=ConnectionClosed connectionID=5
time="2026-03-12T16:06:32+03:00" level=info msg=NewConnection DisableClientMultiStatements=false connectionID=6
time="2026-03-12T16:06:32+03:00" level=info msg=NewConnection DisableClientMultiStatements=false connectionID=7
time="2026-03-12T16:06:32+03:00" level=info msg=ConnectionClosed connectionID=6
time="2026-03-12T16:06:32+03:00" level=info msg=ConnectionClosed connectionID=7
time="2026-03-12T16:06:32+03:00" level=info msg=NewConnection DisableClientMultiStatements=false connectionID=8
time="2026-03-12T16:06:32+03:00" level=info msg=ConnectionClosed connectionID=8
time="2026-03-12T16:06:32+03:00" level=info msg=NewConnection DisableClientMultiStatements=false connectionID=9
time="2026-03-12T16:06:32+03:00" level=info msg=NewConnection DisableClientMultiStatements=false connectionID=10
time="2026-03-12T16:06:32+03:00" level=info msg=ConnectionClosed connectionID=9
time="2026-03-12T16:06:32+03:00" level=info msg=ConnectionClosed connectionID=10
time="2026-03-12T16:08:30+03:00" level=info msg=NewConnection DisableClientMultiStatements=false connectionID=11
time="2026-03-12T16:08:30+03:00" level=info msg=ConnectionClosed connectionID=11
time="2026-03-12T16:08:30+03:00" level=info msg=NewConnection DisableClientMultiStatements=false connectionID=12
time="2026-03-12T16:08:30+03:00" level=info msg=NewConnection DisableClientMultiStatements=false connectionID=13
time="2026-03-12T16:08:30+03:00" level=info msg=ConnectionClosed connectionID=12
time="2026-03-12T16:08:30+03:00" level=info msg=ConnectionClosed connectionID=13
time="2026-03-12T16:11:27+03:00" level=info msg=NewConnection DisableClientMultiStatements=false connectionID=14
time="2026-03-12T16:11:27+03:00" level=info msg=ConnectionClosed connectionID=14
time="2026-03-12T16:11:27+03:00" level=info msg=NewConnection DisableClientMultiStatements=false connectionID=15
time="2026-03-12T16:11:27+03:00" level=info msg=NewConnection DisableClientMultiStatements=false connectionID=16
time="2026-03-12T16:11:27+03:00" level=info msg=ConnectionClosed connectionID=15
time="2026-03-12T16:11:28+03:00" level=warning msg="error running query" connectTime="2026-03-12 16:11:27.967728 +0300 MSK m=+295.954133709" connectionDb=beads connectionID=16 error="nothing to commit" queryTime="2026-03-12 16:11:28.022697 +0300 MSK m=+296.009102584"
time="2026-03-12T16:11:28+03:00" level=info msg=ConnectionClosed connectionID=16
time="2026-03-12T16:11:35+03:00" level=info msg=NewConnection DisableClientMultiStatements=false connectionID=17
time="2026-03-12T16:11:35+03:00" level=info msg=ConnectionClosed connectionID=17
time="2026-03-12T16:11:35+03:00" level=info msg=NewConnection DisableClientMultiStatements=false connectionID=18
time="2026-03-12T16:11:35+03:00" level=info msg=NewConnection DisableClientMultiStatements=false connectionID=19
time="2026-03-12T16:11:35+03:00" level=info msg=ConnectionClosed connectionID=18
time="2026-03-12T16:11:35+03:00" level=warning msg="error running query" connectTime="2026-03-12 16:11:35.574058 +0300 MSK m=+303.560419709" connectionDb=beads connectionID=19 error="nothing to commit" queryTime="2026-03-12 16:11:35.582352 +0300 MSK m=+303.568712751"
time="2026-03-12T16:11:35+03:00" level=info msg=ConnectionClosed connectionID=19
time="2026-03-12T16:22:43+03:00" level=info msg=NewConnection DisableClientMultiStatements=false connectionID=21
time="2026-03-12T16:22:43+03:00" level=info msg=ConnectionClosed connectionID=21
time="2026-03-12T16:22:43+03:00" level=info msg=NewConnection DisableClientMultiStatements=false connectionID=22
time="2026-03-12T16:22:43+03:00" level=info msg=NewConnection DisableClientMultiStatements=false connectionID=20
time="2026-03-12T16:22:43+03:00" level=info msg=ConnectionClosed connectionID=20
time="2026-03-12T16:22:43+03:00" level=info msg=NewConnection DisableClientMultiStatements=false connectionID=23
time="2026-03-12T16:22:43+03:00" level=info msg=NewConnection DisableClientMultiStatements=false connectionID=25
time="2026-03-12T16:22:43+03:00" level=info msg=NewConnection DisableClientMultiStatements=false connectionID=24
time="2026-03-12T16:22:43+03:00" level=info msg=ConnectionClosed connectionID=23
time="2026-03-12T16:22:43+03:00" level=info msg=ConnectionClosed connectionID=22
time="2026-03-12T16:22:44+03:00" level=warning msg="error running query" connectTime="2026-03-12 16:22:43.988579 +0300 MSK m=+971.971220959" connectionDb=beads connectionID=25 error="nothing to commit" queryTime="2026-03-12 16:22:44.009494 +0300 MSK m=+971.992135876"
time="2026-03-12T16:22:44+03:00" level=warning msg="error running query" connectTime="2026-03-12 16:22:43.988896 +0300 MSK m=+971.971538209" connectionDb=beads connectionID=24 error="nothing to commit" queryTime="2026-03-12 16:22:44.010156 +0300 MSK m=+971.992797959"
time="2026-03-12T16:22:44+03:00" level=info msg=ConnectionClosed connectionID=25
time="2026-03-12T16:22:44+03:00" level=warning msg="error running query" connectTime="2026-03-12 16:22:43.988896 +0300 MSK m=+971.971538209" connectionDb=beads connectionID=24 error="nothing to commit" queryTime="2026-03-12 16:22:44.188596 +0300 MSK m=+972.171237043"
time="2026-03-12T16:22:44+03:00" level=info msg=NewConnection DisableClientMultiStatements=false connectionID=26
time="2026-03-12T16:22:44+03:00" level=info msg=ConnectionClosed connectionID=26
time="2026-03-12T16:22:44+03:00" level=info msg=NewConnection DisableClientMultiStatements=false connectionID=27
time="2026-03-12T16:22:44+03:00" level=info msg=NewConnection DisableClientMultiStatements=false connectionID=28
time="2026-03-12T16:22:44+03:00" level=info msg=ConnectionClosed connectionID=27
time="2026-03-12T16:22:44+03:00" level=info msg=ConnectionClosed connectionID=24
time="2026-03-12T16:22:44+03:00" level=info msg=ConnectionClosed connectionID=28
time="2026-03-12T16:36:34+03:00" level=info msg=NewConnection DisableClientMultiStatements=false connectionID=29
time="2026-03-12T16:36:34+03:00" level=info msg=ConnectionClosed connectionID=29
time="2026-03-12T16:36:34+03:00" level=info msg="Server closing listener. No longer accepting connections."
time="2026-03-12T16:36:34+03:00" level=info msg="stats stopped: context canceled"
Starting server with Config HP="127.0.0.1:13508"|T="28800000"|R="false"|L="info"
time="2026-03-13T10:15:58+03:00" level=info msg="Server ready. Accepting connections."
time="2026-03-13T10:15:58+03:00" level=warning msg="secure_file_priv is set to \"\", which is insecure."
time="2026-03-13T10:15:58+03:00" level=warning msg="Any user with GRANT FILE privileges will be able to read any file which the sql-server process can read."
time="2026-03-13T10:15:58+03:00" level=warning msg="Please consider restarting the server with secure_file_priv set to a safe (or non-existent) directory."
time="2026-03-13T10:15:59+03:00" level=info msg=NewConnection DisableClientMultiStatements=false connectionID=1
time="2026-03-13T10:15:59+03:00" level=info msg=ConnectionClosed connectionID=1
time="2026-03-13T10:15:59+03:00" level=info msg=NewConnection DisableClientMultiStatements=false connectionID=2
time="2026-03-13T10:15:59+03:00" level=info msg=ConnectionClosed connectionID=2
time="2026-03-13T10:15:59+03:00" level=info msg=NewConnection DisableClientMultiStatements=false connectionID=3
time="2026-03-13T10:15:59+03:00" level=info msg=NewConnection DisableClientMultiStatements=false connectionID=4
time="2026-03-13T10:15:59+03:00" level=info msg=ConnectionClosed connectionID=3
time="2026-03-13T10:15:59+03:00" level=info msg=ConnectionClosed connectionID=4
time="2026-03-13T10:46:01+03:00" level=info msg=NewConnection DisableClientMultiStatements=false connectionID=5
time="2026-03-13T10:46:01+03:00" level=info msg=ConnectionClosed connectionID=5
time="2026-03-13T10:46:01+03:00" level=info msg="Server closing listener. No longer accepting connections."
time="2026-03-13T10:46:01+03:00" level=info msg="stats stopped: context canceled"
